team1,team2,score1,score2,formation_used1,formation_used2,touches1,touches2,total_pass1,total_pass2,long_pass_own_to_opp_success1,long_pass_own_to_opp_success2,pen_area_entries1,pen_area_entries2,final_third_entries1,final_third_entries2,total_fwd_zone_pass1,total_fwd_zone_pass2,total_final_third_passes1,total_final_third_passes2,attempts_obox1,attempts_obox2,attempts_ibox1,attempts_ibox2,total_offside1,total_offside2,total_tackle1,total_tackle2,blocked_pass1,blocked_pass2,interception1,interception2,total_back_zone_pass1,total_back_zone_pass2,fk_foul_lost1,fk_foul_lost2
Arsenal,Brighton and Hove Albion,2,0,4231.0,433.0,727.0,645.0,565.0,489.0,29.0,26.0,43.0,22.0,52.0,40.0,308.0,218.0,179.0,108.0,9.0,3.0,7.0,2.0,2.0,1.0,14.0,17.0,20.0,19.0,5.0,13.0,278.0,281.0,10.0,8.0
Aston Villa,Chelsea,2,1,4231.0,3421.0,431.0,797.0,250.0,598.0,29.0,54.0,16.0,51.0,45.0,63.0,140.0,427.0,76.0,228.0,2.0,8.0,4.0,15.0,2.0,0.0,14.0,18.0,23.0,24.0,7.0,9.0,116.0,211.0,11.0,12.0
Fulham,Newcastle United,0,2,3421.0,532.0,778.0,517.0,596.0,333.0,37.0,29.0,37.0,19.0,70.0,33.0,367.0,139.0,198.0,65.0,6.0,5.0,8.0,5.0,1.0,0.0,18.0,13.0,14.0,11.0,10.0,10.0,266.0,205.0,12.0,6.0
Leeds United,West Bromwich Albion,3,1,532.0,3421.0,465.0,685.0,268.0,499.0,30.0,48.0,21.0,45.0,44.0,54.0,177.0,272.0,92.0,139.0,7.0,8.0,7.0,9.0,3.0,3.0,19.0,21.0,11.0,11.0,8.0,8.0,102.0,244.0,12.0,12.0
Leicester City,Tottenham Hotspur,2,4,4231.0,442.0,710.0,651.0,492.0,444.0,34.0,31.0,29.0,26.0,45.0,47.0,246.0,230.0,127.0,109.0,2.0,4.0,9.0,6.0,1.0,3.0,18.0,28.0,24.0,22.0,11.0,17.0,270.0,229.0,8.0,9.0
Liverpool,Crystal Palace,2,0,433.0,433.0,427.0,780.0,263.0,588.0,23.0,56.0,5.0,53.0,40.0,57.0,137.0,353.0,63.0,188.0,3.0,3.0,2.0,16.0,1.0,2.0,24.0,15.0,16.0,17.0,10.0,10.0,128.0,263.0,8.0,10.0
Manchester City,Everton,5,0,4312.0,433.0,489.0,893.0,340.0,725.0,28.0,76.0,20.0,27.0,51.0,54.0,169.0,350.0,82.0,135.0,4.0,4.0,4.0,17.0,1.0,1.0,12.0,10.0,9.0,10.0,10.0,9.0,182.0,389.0,10.0,8.0
Sheffield United,Burnley,1,0,3421.0,4411.0,552.0,664.0,361.0,482.0,28.0,48.0,35.0,53.0,66.0,88.0,229.0,316.0,130.0,176.0,4.0,3.0,8.0,7.0,2.0,1.0,19.0,16.0,11.0,13.0,5.0,8.0,152.0,192.0,11.0,1.0
West Ham United,Southampton,3,0,442.0,4231.0,715.0,483.0,534.0,300.0,38.0,24.0,24.0,16.0,49.0,60.0,271.0,214.0,111.0,108.0,6.0,3.0,11.0,11.0,2.0,5.0,23.0,12.0,23.0,22.0,7.0,10.0,273.0,101.0,9.0,5.0
Wolverhampton Wanderers,Manchester United,1,2,352.0,4231.0,744.0,634.0,571.0,440.0,46.0,36.0,33.0,18.0,68.0,31.0,351.0,209.0,160.0,113.0,4.0,3.0,10.0,6.0,1.0,1.0,19.0,14.0,14.0,10.0,10.0,14.0,250.0,237.0,14.0,3.0
Burnley,Liverpool,0,3,433.0,4411.0,777.0,560.0,584.0,389.0,41.0,35.0,26.0,47.0,59.0,67.0,338.0,278.0,186.0,147.0,5.0,4.0,15.0,6.0,1.0,1.0,15.0,14.0,11.0,9.0,6.0,10.0,262.0,147.0,7.0,10.0
West Bromwich Albion,West Ham United,1,3,4411.0,4231.0,558.0,530.0,357.0,326.0,31.0,26.0,41.0,35.0,61.0,37.0,262.0,214.0,147.0,108.0,8.0,5.0,6.0,16.0,2.0,1.0,10.0,16.0,16.0,14.0,12.0,10.0,119.0,135.0,8.0,11.0
Crystal Palace,Arsenal,1,3,4231.0,433.0,791.0,455.0,603.0,258.0,41.0,23.0,35.0,30.0,70.0,46.0,360.0,177.0,190.0,79.0,2.0,3.0,4.0,9.0,2.0,3.0,8.0,20.0,15.0,16.0,11.0,8.0,269.0,109.0,7.0,7.0
Everton,Wolverhampton Wanderers,1,0,3412.0,442.0,750.0,580.0,528.0,377.0,61.0,38.0,29.0,30.0,52.0,41.0,317.0,216.0,136.0,108.0,4.0,5.0,5.0,9.0,0.0,0.0,12.0,21.0,19.0,15.0,11.0,10.0,246.0,180.0,11.0,11.0
Newcastle United,Sheffield United,1,0,343.0,532.0,622.0,678.0,462.0,487.0,30.0,40.0,25.0,21.0,52.0,32.0,338.0,206.0,175.0,81.0,5.0,8.0,6.0,8.0,4.0,2.0,17.0,8.0,14.0,14.0,4.0,6.0,145.0,296.0,7.0,7.0
Tottenham Hotspur,Aston Villa,1,2,4231.0,4231.0,570.0,759.0,367.0,569.0,33.0,36.0,26.0,33.0,63.0,57.0,226.0,294.0,143.0,152.0,5.0,3.0,15.0,7.0,3.0,2.0,18.0,21.0,20.0,20.0,11.0,8.0,150.0,295.0,13.0,14.0
Chelsea,Leicester City,2,1,3421.0,3421.0,760.0,568.0,549.0,381.0,39.0,20.0,34.0,25.0,59.0,64.0,295.0,206.0,137.0,121.0,2.0,3.0,15.0,4.0,1.0,0.0,19.0,23.0,16.0,17.0,12.0,7.0,271.0,192.0,15.0,16.0
Brighton and Hove Albion,Manchester City,3,2,352.0,433.0,782.0,532.0,607.0,361.0,51.0,21.0,34.0,12.0,61.0,28.0,321.0,157.0,164.0,58.0,9.0,1.0,10.0,7.0,3.0,1.0,18.0,15.0,10.0,9.0,7.0,7.0,300.0,211.0,13.0,11.0
Manchester United,Fulham,1,1,3421.0,4231.0,599.0,721.0,410.0,544.0,20.0,45.0,14.0,26.0,32.0,67.0,124.0,312.0,68.0,163.0,3.0,9.0,5.0,4.0,1.0,4.0,25.0,13.0,13.0,14.0,18.0,5.0,295.0,251.0,15.0,10.0
Southampton,Leeds United,0,2,442.0,3331.0,620.0,588.0,392.0,375.0,37.0,34.0,28.0,21.0,55.0,38.0,251.0,176.0,132.0,72.0,12.0,8.0,6.0,7.0,2.0,1.0,23.0,35.0,22.0,21.0,13.0,15.0,157.0,211.0,10.0,12.0
Everton,Sheffield United,0,1,343.0,4231.0,573.0,824.0,385.0,635.0,28.0,44.0,25.0,45.0,50.0,69.0,235.0,324.0,133.0,144.0,5.0,4.0,5.0,12.0,3.0,0.0,14.0,21.0,14.0,15.0,8.0,8.0,163.0,337.0,12.0,8.0
West Bromwich Albion,Liverpool,1,2,4411.0,433.0,399.0,886.0,200.0,699.0,31.0,38.0,24.0,62.0,53.0,72.0,163.0,481.0,78.0,282.0,2.0,12.0,7.0,14.0,3.0,2.0,16.0,8.0,11.0,11.0,17.0,6.0,59.0,248.0,7.0,14.0
Tottenham Hotspur,Wolverhampton Wanderers,2,0,4231.0,4231.0,765.0,547.0,584.0,360.0,49.0,35.0,37.0,15.0,52.0,39.0,294.0,186.0,149.0,71.0,9.0,3.0,15.0,12.0,2.0,3.0,11.0,20.0,18.0,17.0,7.0,13.0,310.0,185.0,8.0,11.0
Crystal Palace,Aston Villa,3,2,433.0,433.0,625.0,533.0,393.0,325.0,43.0,33.0,37.0,37.0,60.0,51.0,238.0,244.0,156.0,113.0,7.0,8.0,12.0,15.0,2.0,2.0,13.0,15.0,18.0,17.0,8.0,6.0,177.0,106.0,13.0,23.0
Brighton and Hove Albion,West Ham United,1,1,343.0,4231.0,732.0,713.0,595.0,552.0,32.0,46.0,25.0,35.0,58.0,60.0,290.0,387.0,150.0,160.0,8.0,8.0,2.0,7.0,2.0,0.0,9.0,6.0,15.0,17.0,12.0,12.0,313.0,189.0,7.0,5.0
Southampton,Fulham,3,1,3421.0,442.0,740.0,673.0,547.0,470.0,38.0,36.0,27.0,21.0,42.0,40.0,214.0,223.0,97.0,90.0,3.0,3.0,7.0,8.0,1.0,3.0,23.0,19.0,21.0,22.0,11.0,7.0,346.0,258.0,15.0,9.0
Burnley,Leeds United,0,4,3331.0,442.0,611.0,586.0,440.0,418.0,25.0,46.0,33.0,44.0,41.0,90.0,204.0,302.0,103.0,183.0,7.0,5.0,9.0,11.0,6.0,2.0,11.0,12.0,6.0,7.0,8.0,13.0,257.0,135.0,10.0,10.0
Newcastle United,Manchester City,3,4,532.0,433.0,353.0,1093.0,195.0,925.0,22.0,52.0,18.0,29.0,21.0,87.0,100.0,730.0,41.0,317.0,1.0,8.0,10.0,7.0,1.0,0.0,13.0,21.0,11.0,13.0,7.0,4.0,106.0,217.0,11.0,10.0
Manchester United,Liverpool,2,4,433.0,4231.0,656.0,714.0,454.0,511.0,37.0,29.0,24.0,27.0,50.0,47.0,250.0,260.0,130.0,122.0,3.0,5.0,14.0,13.0,1.0,1.0,16.0,22.0,16.0,16.0,12.0,9.0,213.0,272.0,12.0,10.0
Aston Villa,Everton,0,0,4231.0,442.0,671.0,514.0,502.0,362.0,50.0,42.0,30.0,31.0,35.0,44.0,257.0,215.0,106.0,100.0,6.0,5.0,7.0,10.0,2.0,0.0,7.0,9.0,13.0,11.0,6.0,8.0,265.0,165.0,9.0,12.0
Chelsea,Arsenal,0,1,3421.0,3421.0,532.0,938.0,369.0,765.0,27.0,31.0,10.0,56.0,42.0,67.0,166.0,517.0,84.0,287.0,2.0,5.0,3.0,14.0,2.0,4.0,14.0,4.0,16.0,18.0,8.0,6.0,212.0,280.0,6.0,7.0
Southampton,Crystal Palace,3,1,442.0,433.0,716.0,501.0,531.0,311.0,45.0,32.0,31.0,22.0,37.0,50.0,252.0,209.0,100.0,100.0,2.0,4.0,11.0,7.0,1.0,2.0,13.0,17.0,21.0,19.0,3.0,16.0,298.0,117.0,20.0,13.0
Manchester United,Leicester City,1,2,442.0,4231.0,650.0,728.0,491.0,561.0,35.0,32.0,28.0,15.0,59.0,44.0,302.0,231.0,149.0,92.0,8.0,0.0,4.0,4.0,3.0,0.0,17.0,12.0,16.0,16.0,13.0,8.0,205.0,339.0,12.0,9.0
Fulham,Burnley,0,2,4231.0,442.0,755.0,462.0,521.0,253.0,30.0,21.0,61.0,26.0,70.0,72.0,320.0,181.0,190.0,109.0,9.0,4.0,12.0,10.0,4.0,1.0,16.0,17.0,16.0,14.0,11.0,11.0,235.0,81.0,11.0,10.0
Arsenal,West Bromwich Albion,3,1,4231.0,4411.0,747.0,455.0,576.0,288.0,39.0,23.0,26.0,35.0,52.0,56.0,328.0,182.0,139.0,101.0,8.0,6.0,7.0,6.0,1.0,2.0,11.0,14.0,6.0,6.0,12.0,13.0,264.0,129.0,7.0,9.0
West Ham United,Everton,0,1,442.0,4231.0,471.0,809.0,278.0,606.0,27.0,45.0,18.0,49.0,38.0,76.0,132.0,413.0,63.0,185.0,2.0,3.0,7.0,8.0,2.0,2.0,24.0,16.0,13.0,17.0,6.0,3.0,160.0,233.0,10.0,8.0
Aston Villa,Manchester United,1,3,4231.0,4231.0,560.0,738.0,383.0,563.0,33.0,43.0,31.0,37.0,58.0,58.0,202.0,331.0,106.0,185.0,6.0,7.0,5.0,11.0,0.0,0.0,14.0,10.0,14.0,13.0,10.0,11.0,197.0,251.0,13.0,18.0
Wolverhampton Wanderers,Brighton and Hove Albion,2,1,4411.0,4231.0,567.0,752.0,373.0,569.0,33.0,36.0,25.0,37.0,35.0,62.0,208.0,379.0,117.0,207.0,7.0,0.0,5.0,9.0,2.0,0.0,15.0,14.0,19.0,21.0,12.0,9.0,175.0,215.0,7.0,12.0
Liverpool,Southampton,2,0,442.0,433.0,663.0,757.0,480.0,557.0,31.0,48.0,19.0,29.0,34.0,61.0,203.0,325.0,85.0,155.0,6.0,2.0,6.0,12.0,1.0,4.0,18.0,15.0,26.0,25.0,6.0,8.0,294.0,258.0,6.0,10.0
Manchester City,Chelsea,1,2,3421.0,3142.0,738.0,711.0,580.0,537.0,32.0,53.0,19.0,19.0,37.0,46.0,232.0,246.0,113.0,96.0,7.0,8.0,5.0,8.0,5.0,1.0,15.0,18.0,15.0,15.0,3.0,9.0,360.0,307.0,10.0,12.0
Sheffield United,Crystal Palace,0,2,352.0,433.0,618.0,623.0,412.0,423.0,42.0,38.0,26.0,36.0,48.0,52.0,209.0,266.0,106.0,140.0,1.0,5.0,6.0,16.0,2.0,1.0,22.0,21.0,15.0,15.0,9.0,8.0,222.0,172.0,11.0,8.0
Leeds United,Tottenham Hotspur,3,1,4231.0,4141.0,606.0,656.0,395.0,442.0,26.0,33.0,19.0,35.0,47.0,47.0,219.0,248.0,116.0,136.0,4.0,4.0,7.0,12.0,2.0,1.0,15.0,20.0,25.0,22.0,6.0,13.0,191.0,222.0,10.0,12.0
Leicester City,Newcastle United,2,4,532.0,3412.0,469.0,799.0,274.0,596.0,28.0,38.0,19.0,47.0,34.0,93.0,161.0,443.0,56.0,176.0,5.0,8.0,9.0,17.0,1.0,2.0,9.0,13.0,13.0,13.0,6.0,12.0,127.0,185.0,9.0,12.0
Burnley,West Ham United,1,2,4231.0,442.0,734.0,593.0,544.0,426.0,32.0,39.0,36.0,41.0,44.0,90.0,325.0,320.0,172.0,149.0,9.0,1.0,13.0,7.0,2.0,2.0,10.0,8.0,14.0,15.0,11.0,12.0,243.0,135.0,8.0,4.0
West Bromwich Albion,Wolverhampton Wanderers,1,1,3511.0,4231.0,547.0,676.0,339.0,467.0,37.0,44.0,28.0,33.0,67.0,51.0,216.0,300.0,116.0,125.0,4.0,7.0,6.0,13.0,1.0,2.0,21.0,20.0,12.0,11.0,10.0,7.0,143.0,188.0,17.0,11.0
Tottenham Hotspur,Sheffield United,4,0,3412.0,4231.0,514.0,890.0,356.0,715.0,17.0,49.0,21.0,29.0,37.0,50.0,187.0,325.0,96.0,147.0,3.0,10.0,5.0,10.0,3.0,0.0,13.0,11.0,13.0,12.0,8.0,8.0,188.0,405.0,9.0,8.0
Newcastle United,Arsenal,0,2,4231.0,532.0,787.0,539.0,641.0,396.0,42.0,28.0,23.0,26.0,90.0,38.0,435.0,168.0,240.0,74.0,7.0,2.0,12.0,3.0,1.0,1.0,6.0,12.0,6.0,7.0,9.0,7.0,223.0,248.0,9.0,10.0
Everton,Aston Villa,1,2,4231.0,4231.0,664.0,607.0,469.0,421.0,46.0,34.0,25.0,25.0,62.0,59.0,249.0,227.0,128.0,117.0,6.0,8.0,7.0,8.0,2.0,2.0,15.0,20.0,15.0,17.0,7.0,7.0,236.0,212.0,13.0,10.0
Chelsea,Fulham,2,0,4231.0,352.0,736.0,699.0,521.0,511.0,40.0,38.0,36.0,11.0,53.0,45.0,287.0,257.0,124.0,132.0,5.0,2.0,5.0,7.0,1.0,7.0,21.0,24.0,21.0,24.0,8.0,4.0,255.0,257.0,8.0,15.0
Brighton and Hove Albion,Leeds United,2,0,3412.0,4141.0,535.0,668.0,351.0,466.0,37.0,31.0,24.0,32.0,54.0,47.0,212.0,241.0,101.0,116.0,5.0,5.0,12.0,6.0,1.0,0.0,11.0,17.0,15.0,17.0,11.0,7.0,150.0,254.0,17.0,6.0
Crystal Palace,Manchester City,0,2,433.0,4411.0,506.0,887.0,294.0,696.0,31.0,67.0,14.0,39.0,41.0,79.0,184.0,420.0,79.0,204.0,6.0,3.0,3.0,17.0,3.0,1.0,18.0,20.0,19.0,18.0,19.0,12.0,120.0,294.0,9.0,10.0
Southampton,Leicester City,1,1,442.0,3412.0,458.0,820.0,272.0,633.0,21.0,38.0,7.0,45.0,41.0,87.0,131.0,485.0,62.0,255.0,2.0,10.0,3.0,13.0,1.0,5.0,14.0,19.0,14.0,20.0,8.0,3.0,143.0,180.0,9.0,13.0
Leicester City,Crystal Palace,2,1,433.0,3412.0,472.0,780.0,300.0,598.0,32.0,37.0,17.0,33.0,56.0,74.0,200.0,381.0,106.0,172.0,1.0,4.0,3.0,9.0,3.0,2.0,13.0,19.0,20.0,23.0,18.0,11.0,106.0,234.0,12.0,13.0
Aston Villa,West Bromwich Albion,2,2,4231.0,4141.0,756.0,424.0,551.0,240.0,42.0,19.0,56.0,26.0,74.0,50.0,411.0,159.0,227.0,82.0,8.0,6.0,16.0,4.0,2.0,1.0,13.0,10.0,7.0,6.0,7.0,8.0,182.0,94.0,14.0,9.0
Leeds United,Manchester United,0,0,4141.0,4231.0,571.0,723.0,385.0,483.0,21.0,36.0,15.0,30.0,29.0,51.0,162.0,292.0,77.0,156.0,3.0,7.0,3.0,9.0,2.0,0.0,30.0,16.0,11.0,15.0,8.0,10.0,236.0,213.0,21.0,11.0
Wolverhampton Wanderers,Burnley,0,4,3412.0,442.0,663.0,519.0,474.0,325.0,36.0,23.0,21.0,31.0,38.0,68.0,227.0,243.0,75.0,131.0,8.0,6.0,4.0,8.0,2.0,2.0,16.0,15.0,21.0,18.0,13.0,12.0,274.0,103.0,8.0,9.0
Sheffield United,Brighton and Hove Albion,1,0,3412.0,3412.0,457.0,844.0,295.0,640.0,28.0,36.0,18.0,40.0,42.0,54.0,196.0,323.0,102.0,165.0,2.0,5.0,5.0,12.0,1.0,0.0,24.0,10.0,14.0,15.0,6.0,8.0,111.0,341.0,13.0,7.0
West Ham United,Chelsea,0,1,3421.0,3412.0,776.0,634.0,566.0,447.0,46.0,22.0,21.0,20.0,58.0,61.0,321.0,301.0,156.0,135.0,7.0,6.0,10.0,3.0,3.0,3.0,22.0,18.0,22.0,23.0,9.0,13.0,254.0,163.0,11.0,9.0
Liverpool,Newcastle United,1,1,532.0,442.0,558.0,979.0,350.0,793.0,31.0,60.0,23.0,38.0,48.0,84.0,149.0,513.0,69.0,234.0,1.0,9.0,6.0,13.0,4.0,1.0,15.0,21.0,19.0,19.0,12.0,8.0,217.0,297.0,7.0,9.0
Arsenal,Everton,0,1,4231.0,4231.0,804.0,590.0,627.0,438.0,57.0,25.0,35.0,17.0,80.0,34.0,377.0,150.0,195.0,55.0,5.0,4.0,9.0,4.0,2.0,1.0,10.0,19.0,12.0,10.0,9.0,8.0,277.0,299.0,13.0,10.0
Leicester City,West Bromwich Albion,3,0,4411.0,3412.0,419.0,869.0,255.0,706.0,19.0,60.0,13.0,24.0,39.0,70.0,145.0,398.0,70.0,164.0,2.0,9.0,2.0,8.0,1.0,0.0,10.0,19.0,15.0,14.0,10.0,12.0,120.0,318.0,12.0,13.0
Aston Villa,Manchester City,1,2,4141.0,433.0,441.0,950.0,304.0,806.0,24.0,46.0,16.0,34.0,36.0,62.0,142.0,547.0,67.0,326.0,1.0,7.0,7.0,6.0,1.0,2.0,12.0,5.0,10.0,11.0,5.0,4.0,176.0,279.0,12.0,7.0
Tottenham Hotspur,Southampton,2,1,442.0,4231.0,583.0,833.0,371.0,610.0,21.0,55.0,24.0,24.0,33.0,45.0,182.0,320.0,79.0,133.0,5.0,4.0,5.0,8.0,2.0,0.0,29.0,18.0,36.0,39.0,7.0,8.0,202.0,301.0,14.0,10.0
Chelsea,Brighton and Hove Albion,0,0,3142.0,343.0,583.0,924.0,410.0,740.0,27.0,51.0,22.0,17.0,57.0,45.0,213.0,325.0,115.0,148.0,6.0,1.0,5.0,6.0,3.0,0.0,25.0,8.0,17.0,15.0,15.0,10.0,206.0,426.0,9.0,8.0
Leeds United,Liverpool,1,1,4141.0,433.0,737.0,539.0,525.0,322.0,30.0,35.0,37.0,30.0,49.0,40.0,197.0,192.0,100.0,109.0,5.0,0.0,12.0,12.0,4.0,0.0,23.0,15.0,20.0,21.0,10.0,10.0,354.0,147.0,7.0,15.0
Manchester United,Burnley,3,1,4411.0,4231.0,425.0,796.0,266.0,610.0,28.0,42.0,22.0,31.0,47.0,63.0,177.0,383.0,109.0,229.0,4.0,2.0,6.0,15.0,4.0,2.0,15.0,13.0,9.0,10.0,12.0,4.0,102.0,247.0,12.0,9.0
Arsenal,Fulham,1,1,4231.0,442.0,804.0,448.0,633.0,286.0,46.0,18.0,32.0,11.0,70.0,35.0,429.0,121.0,203.0,64.0,6.0,1.0,12.0,2.0,5.0,0.0,18.0,12.0,11.0,10.0,8.0,11.0,234.0,171.0,9.0,11.0
Wolverhampton Wanderers,Sheffield United,1,0,3421.0,3421.0,682.0,661.0,512.0,479.0,46.0,43.0,31.0,18.0,62.0,39.0,336.0,212.0,168.0,88.0,3.0,1.0,5.0,9.0,2.0,2.0,19.0,15.0,10.0,8.0,6.0,10.0,204.0,281.0,15.0,8.0
Newcastle United,West Ham United,3,2,532.0,3412.0,466.0,716.0,272.0,510.0,21.0,42.0,13.0,42.0,27.0,54.0,115.0,317.0,51.0,139.0,9.0,8.0,7.0,8.0,2.0,0.0,16.0,11.0,17.0,19.0,11.0,9.0,166.0,220.0,9.0,7.0
Everton,Tottenham Hotspur,2,2,3412.0,442.0,644.0,706.0,450.0,502.0,45.0,31.0,17.0,21.0,45.0,43.0,226.0,286.0,94.0,126.0,5.0,6.0,7.0,12.0,2.0,0.0,19.0,22.0,20.0,20.0,7.0,8.0,234.0,227.0,8.0,8.0
Brighton and Hove Albion,Everton,0,0,3421.0,532.0,676.0,592.0,503.0,400.0,37.0,35.0,39.0,20.0,58.0,36.0,258.0,180.0,153.0,72.0,8.0,5.0,15.0,3.0,1.0,0.0,18.0,7.0,20.0,21.0,11.0,19.0,261.0,234.0,12.0,7.0
West Bromwich Albion,Southampton,3,0,442.0,4411.0,634.0,491.0,442.0,285.0,32.0,28.0,33.0,24.0,62.0,40.0,291.0,217.0,158.0,109.0,6.0,2.0,8.0,13.0,2.0,4.0,14.0,15.0,12.0,11.0,17.0,17.0,174.0,85.0,11.0,12.0
Sheffield United,Arsenal,0,3,4231.0,352.0,731.0,609.0,577.0,469.0,40.0,32.0,26.0,17.0,46.0,44.0,272.0,211.0,116.0,90.0,6.0,2.0,8.0,5.0,3.0,2.0,12.0,16.0,13.0,12.0,2.0,5.0,314.0,267.0,6.0,9.0
Tottenham Hotspur,Manchester United,1,3,433.0,4231.0,643.0,715.0,439.0,503.0,34.0,40.0,23.0,32.0,54.0,60.0,216.0,325.0,111.0,154.0,3.0,3.0,9.0,9.0,3.0,1.0,21.0,19.0,29.0,27.0,11.0,14.0,241.0,200.0,11.0,15.0
West Ham United,Leicester City,3,2,3412.0,352.0,551.0,812.0,365.0,629.0,36.0,48.0,15.0,45.0,49.0,76.0,195.0,371.0,75.0,188.0,5.0,0.0,4.0,10.0,3.0,1.0,10.0,13.0,13.0,19.0,15.0,12.0,178.0,289.0,7.0,13.0
Burnley,Newcastle United,1,2,532.0,442.0,553.0,645.0,342.0,445.0,26.0,48.0,19.0,58.0,50.0,90.0,198.0,363.0,77.0,176.0,7.0,0.0,10.0,17.0,2.0,0.0,10.0,12.0,15.0,16.0,9.0,10.0,162.0,127.0,12.0,11.0
Crystal Palace,Chelsea,1,4,3421.0,442.0,962.0,601.0,782.0,434.0,54.0,26.0,33.0,9.0,62.0,30.0,451.0,185.0,219.0,75.0,4.0,0.0,19.0,1.0,2.0,1.0,20.0,14.0,22.0,25.0,9.0,14.0,356.0,259.0,12.0,7.0
Liverpool,Aston Villa,2,1,433.0,433.0,511.0,769.0,296.0,577.0,35.0,42.0,15.0,34.0,58.0,56.0,184.0,314.0,97.0,164.0,3.0,6.0,6.0,17.0,2.0,2.0,18.0,14.0,21.0,21.0,17.0,7.0,120.0,288.0,11.0,16.0
Manchester City,Leeds United,1,2,4141.0,433.0,428.0,828.0,252.0,621.0,17.0,25.0,12.0,53.0,30.0,67.0,123.0,477.0,55.0,297.0,2.0,15.0,14.0,0.0,3.0,2.0,16.0,8.0,12.0,13.0,8.0,6.0,138.0,180.0,15.0,12.0
Fulham,Wolverhampton Wanderers,0,1,3421.0,4231.0,641.0,663.0,439.0,452.0,55.0,38.0,45.0,21.0,62.0,55.0,245.0,192.0,117.0,78.0,5.0,2.0,9.0,5.0,3.0,1.0,18.0,19.0,11.0,15.0,9.0,13.0,222.0,280.0,11.0,8.0
Wolverhampton Wanderers,West Ham United,2,3,4231.0,4231.0,826.0,499.0,628.0,322.0,64.0,35.0,34.0,16.0,78.0,47.0,350.0,199.0,145.0,88.0,5.0,1.0,15.0,8.0,1.0,1.0,20.0,11.0,16.0,15.0,9.0,12.0,309.0,137.0,9.0,9.0
Everton,Crystal Palace,1,1,442.0,3412.0,687.0,640.0,512.0,459.0,47.0,38.0,26.0,25.0,48.0,61.0,290.0,240.0,145.0,123.0,5.0,4.0,8.0,11.0,1.0,2.0,17.0,16.0,25.0,23.0,8.0,9.0,236.0,235.0,10.0,10.0
Manchester United,Brighton and Hove Albion,2,1,3412.0,4231.0,631.0,792.0,436.0,604.0,35.0,41.0,25.0,39.0,44.0,97.0,222.0,412.0,97.0,241.0,6.0,0.0,5.0,9.0,2.0,0.0,20.0,13.0,23.0,23.0,19.0,13.0,232.0,213.0,7.0,14.0
Aston Villa,Fulham,3,1,4231.0,4231.0,582.0,633.0,384.0,418.0,39.0,39.0,15.0,31.0,55.0,63.0,177.0,244.0,86.0,124.0,7.0,7.0,8.0,7.0,2.0,5.0,23.0,15.0,17.0,19.0,4.0,14.0,218.0,197.0,20.0,14.0
Newcastle United,Tottenham Hotspur,2,2,442.0,532.0,714.0,547.0,521.0,348.0,41.0,27.0,27.0,38.0,52.0,71.0,279.0,228.0,104.0,122.0,4.0,5.0,7.0,17.0,3.0,1.0,14.0,11.0,14.0,16.0,14.0,5.0,256.0,148.0,14.0,13.0
Southampton,Burnley,3,2,442.0,442.0,634.0,558.0,424.0,352.0,38.0,25.0,38.0,48.0,53.0,64.0,242.0,259.0,129.0,136.0,12.0,2.0,12.0,5.0,1.0,0.0,14.0,18.0,11.0,11.0,8.0,10.0,202.0,126.0,11.0,10.0
Arsenal,Liverpool,0,3,4231.0,433.0,556.0,879.0,395.0,703.0,24.0,48.0,6.0,32.0,45.0,58.0,182.0,384.0,83.0,152.0,1.0,7.0,2.0,9.0,3.0,0.0,21.0,18.0,12.0,10.0,7.0,6.0,220.0,340.0,10.0,10.0
Leicester City,Manchester City,0,2,352.0,4231.0,619.0,739.0,452.0,571.0,22.0,48.0,11.0,37.0,26.0,63.0,116.0,376.0,52.0,155.0,2.0,2.0,3.0,9.0,3.0,1.0,19.0,14.0,19.0,18.0,10.0,13.0,342.0,213.0,13.0,12.0
Leeds United,Sheffield United,2,1,352.0,4141.0,608.0,688.0,410.0,491.0,31.0,33.0,24.0,31.0,43.0,56.0,228.0,276.0,112.0,162.0,6.0,10.0,3.0,13.0,1.0,1.0,17.0,15.0,24.0,24.0,11.0,11.0,200.0,231.0,13.0,12.0
Chelsea,West Bromwich Albion,2,5,541.0,3421.0,505.0,756.0,297.0,581.0,28.0,39.0,18.0,43.0,49.0,45.0,161.0,322.0,71.0,171.0,7.0,7.0,7.0,11.0,4.0,1.0,19.0,17.0,16.0,17.0,15.0,10.0,144.0,277.0,6.0,11.0
Aston Villa,Tottenham Hotspur,0,2,4231.0,442.0,613.0,646.0,416.0,421.0,35.0,31.0,35.0,28.0,63.0,45.0,248.0,237.0,122.0,117.0,4.0,3.0,4.0,6.0,1.0,1.0,24.0,18.0,13.0,14.0,12.0,8.0,193.0,201.0,18.0,13.0
West Ham United,Arsenal,3,3,4231.0,4231.0,785.0,516.0,606.0,348.0,29.0,32.0,38.0,24.0,63.0,58.0,386.0,232.0,214.0,126.0,7.0,0.0,9.0,15.0,1.0,0.0,10.0,12.0,11.0,13.0,9.0,12.0,247.0,135.0,8.0,18.0
Brighton and Hove Albion,Newcastle United,3,0,3412.0,433.0,867.0,532.0,728.0,382.0,46.0,38.0,29.0,10.0,65.0,42.0,301.0,174.0,158.0,80.0,3.0,1.0,8.0,2.0,2.0,1.0,16.0,11.0,13.0,13.0,10.0,16.0,437.0,213.0,12.0,5.0
Fulham,Leeds United,1,2,4231.0,4141.0,590.0,573.0,339.0,319.0,35.0,26.0,42.0,35.0,45.0,53.0,206.0,197.0,92.0,109.0,2.0,5.0,11.0,8.0,1.0,4.0,20.0,25.0,17.0,16.0,9.0,9.0,157.0,141.0,13.0,12.0
Wolverhampton Wanderers,Liverpool,0,1,3412.0,433.0,714.0,667.0,508.0,467.0,41.0,39.0,35.0,23.0,55.0,53.0,270.0,263.0,106.0,136.0,2.0,3.0,8.0,9.0,2.0,1.0,18.0,14.0,22.0,21.0,21.0,14.0,267.0,216.0,17.0,10.0
Manchester United,West Ham United,1,0,3142.0,4231.0,595.0,843.0,411.0,684.0,38.0,42.0,23.0,32.0,57.0,63.0,228.0,460.0,119.0,273.0,1.0,6.0,6.0,9.0,2.0,0.0,13.0,13.0,9.0,8.0,10.0,12.0,202.0,241.0,2.0,12.0
Arsenal,Tottenham Hotspur,2,1,4231.0,4231.0,697.0,662.0,519.0,482.0,44.0,39.0,35.0,15.0,60.0,34.0,317.0,204.0,172.0,72.0,7.0,2.0,6.0,4.0,1.0,0.0,20.0,18.0,23.0,20.0,11.0,6.0,228.0,289.0,12.0,14.0
Leicester City,Sheffield United,5,0,352.0,3412.0,457.0,928.0,291.0,750.0,17.0,52.0,16.0,31.0,38.0,72.0,146.0,375.0,74.0,151.0,5.0,0.0,1.0,14.0,2.0,0.0,14.0,19.0,23.0,23.0,18.0,10.0,152.0,390.0,9.0,10.0
Southampton,Brighton and Hove Albion,1,2,442.0,442.0,535.0,690.0,330.0,492.0,31.0,36.0,33.0,29.0,68.0,48.0,231.0,261.0,121.0,111.0,3.0,4.0,5.0,5.0,1.0,1.0,24.0,13.0,15.0,17.0,11.0,11.0,117.0,251.0,10.0,11.0
Fulham,Manchester City,0,3,433.0,343.0,632.0,724.0,444.0,529.0,34.0,44.0,25.0,16.0,38.0,38.0,182.0,256.0,88.0,100.0,1.0,0.0,3.0,7.0,1.0,3.0,22.0,20.0,18.0,16.0,8.0,6.0,279.0,283.0,14.0,13.0
Everton,Burnley,1,2,41212.0,442.0,721.0,480.0,547.0,291.0,57.0,30.0,37.0,32.0,65.0,62.0,318.0,208.0,159.0,111.0,5.0,7.0,9.0,7.0,2.0,1.0,8.0,6.0,13.0,11.0,7.0,13.0,261.0,96.0,9.0,6.0
Crystal Palace,West Bromwich Albion,1,0,4141.0,442.0,614.0,527.0,397.0,324.0,33.0,26.0,44.0,21.0,70.0,36.0,273.0,181.0,127.0,87.0,4.0,3.0,8.0,3.0,1.0,1.0,19.0,17.0,20.0,18.0,8.0,4.0,145.0,150.0,15.0,16.0
Leeds United,Chelsea,0,0,4231.0,4141.0,797.0,545.0,588.0,330.0,37.0,29.0,29.0,24.0,64.0,40.0,359.0,159.0,188.0,80.0,6.0,3.0,9.0,4.0,3.0,5.0,17.0,13.0,20.0,24.0,14.0,19.0,244.0,193.0,6.0,16.0
Newcastle United,Aston Villa,1,1,433.0,433.0,635.0,595.0,411.0,392.0,30.0,34.0,23.0,39.0,50.0,55.0,271.0,272.0,132.0,137.0,8.0,3.0,7.0,9.0,4.0,0.0,16.0,20.0,20.0,19.0,11.0,10.0,159.0,147.0,10.0,10.0
Manchester City,Southampton,5,2,442.0,433.0,627.0,848.0,481.0,673.0,23.0,52.0,18.0,17.0,43.0,63.0,197.0,334.0,87.0,153.0,4.0,5.0,7.0,12.0,4.0,1.0,22.0,8.0,15.0,15.0,13.0,8.0,291.0,347.0,4.0,6.0
West Ham United,Leeds United,2,0,4141.0,4231.0,721.0,458.0,528.0,276.0,40.0,26.0,29.0,20.0,51.0,40.0,268.0,159.0,114.0,77.0,6.0,8.0,11.0,8.0,1.0,1.0,19.0,14.0,15.0,17.0,10.0,18.0,280.0,132.0,9.0,9.0
Chelsea,Everton,2,0,3421.0,3412.0,882.0,521.0,713.0,369.0,51.0,24.0,23.0,11.0,53.0,34.0,323.0,175.0,130.0,82.0,8.0,5.0,11.0,2.0,1.0,0.0,18.0,10.0,15.0,13.0,8.0,9.0,401.0,205.0,11.0,12.0
Tottenham Hotspur,Crystal Palace,4,1,4231.0,442.0,887.0,545.0,690.0,373.0,51.0,32.0,23.0,20.0,61.0,49.0,343.0,213.0,141.0,93.0,3.0,2.0,9.0,3.0,1.0,4.0,27.0,18.0,19.0,20.0,19.0,7.0,360.0,177.0,8.0,17.0
Manchester City,Manchester United,0,2,4231.0,4231.0,915.0,547.0,715.0,374.0,34.0,19.0,39.0,10.0,67.0,25.0,489.0,135.0,257.0,79.0,10.0,1.0,13.0,7.0,1.0,0.0,17.0,13.0,22.0,22.0,14.0,17.0,247.0,243.0,9.0,12.0
Liverpool,Fulham,0,1,442.0,433.0,629.0,893.0,414.0,708.0,42.0,42.0,21.0,45.0,47.0,81.0,195.0,487.0,83.0,246.0,1.0,6.0,9.0,10.0,1.0,3.0,15.0,13.0,16.0,18.0,19.0,9.0,236.0,259.0,8.0,10.0
West Bromwich Albion,Newcastle United,0,0,4141.0,4312.0,619.0,561.0,396.0,365.0,22.0,27.0,54.0,30.0,62.0,49.0,302.0,183.0,192.0,95.0,5.0,2.0,8.0,7.0,1.0,1.0,11.0,17.0,18.0,21.0,11.0,11.0,130.0,202.0,11.0,10.0
Brighton and Hove Albion,Leicester City,1,2,442.0,3142.0,549.0,829.0,340.0,616.0,31.0,45.0,27.0,31.0,50.0,60.0,201.0,284.0,114.0,104.0,1.0,3.0,6.0,5.0,4.0,1.0,30.0,23.0,23.0,21.0,9.0,21.0,155.0,345.0,14.0,8.0
Aston Villa,Wolverhampton Wanderers,0,0,433.0,343.0,585.0,621.0,410.0,424.0,33.0,41.0,27.0,24.0,60.0,45.0,224.0,244.0,113.0,99.0,3.0,5.0,6.0,5.0,3.0,0.0,23.0,12.0,7.0,8.0,7.0,13.0,207.0,204.0,13.0,13.0
Sheffield United,Southampton,0,2,352.0,442.0,589.0,593.0,393.0,390.0,39.0,37.0,35.0,24.0,65.0,45.0,256.0,200.0,144.0,90.0,4.0,8.0,4.0,7.0,2.0,2.0,16.0,17.0,17.0,18.0,9.0,11.0,158.0,200.0,17.0,11.0
Burnley,Arsenal,1,1,4231.0,442.0,770.0,589.0,595.0,419.0,35.0,45.0,29.0,34.0,49.0,77.0,299.0,270.0,157.0,145.0,4.0,3.0,11.0,6.0,2.0,2.0,12.0,15.0,19.0,19.0,5.0,11.0,312.0,165.0,12.0,5.0
Liverpool,Chelsea,0,1,3421.0,433.0,738.0,853.0,549.0,656.0,31.0,49.0,20.0,42.0,37.0,81.0,194.0,375.0,87.0,187.0,4.0,3.0,7.0,4.0,4.0,1.0,19.0,14.0,13.0,13.0,11.0,12.0,367.0,296.0,8.0,9.0
Fulham,Tottenham Hotspur,0,1,442.0,4231.0,754.0,562.0,544.0,378.0,46.0,41.0,36.0,12.0,49.0,50.0,260.0,182.0,128.0,83.0,4.0,4.0,7.0,5.0,4.0,2.0,11.0,21.0,21.0,21.0,14.0,7.0,307.0,201.0,13.0,9.0
West Bromwich Albion,Everton,0,1,4141.0,442.0,670.0,704.0,450.0,500.0,35.0,45.0,34.0,30.0,71.0,55.0,267.0,243.0,151.0,121.0,4.0,6.0,7.0,5.0,3.0,2.0,9.0,20.0,19.0,17.0,15.0,7.0,208.0,272.0,9.0,7.0
Crystal Palace,Manchester United,0,0,442.0,4231.0,544.0,781.0,353.0,600.0,33.0,46.0,19.0,37.0,48.0,79.0,174.0,369.0,82.0,195.0,3.0,5.0,5.0,6.0,1.0,2.0,19.0,6.0,18.0,15.0,9.0,10.0,192.0,256.0,4.0,13.0
Burnley,Leicester City,1,1,3142.0,442.0,746.0,522.0,571.0,351.0,36.0,30.0,27.0,41.0,40.0,70.0,261.0,282.0,114.0,137.0,8.0,6.0,8.0,6.0,2.0,3.0,9.0,8.0,15.0,15.0,7.0,9.0,329.0,92.0,12.0,6.0
Sheffield United,Aston Villa,1,0,433.0,352.0,838.0,443.0,641.0,263.0,52.0,23.0,66.0,15.0,83.0,57.0,420.0,172.0,226.0,84.0,4.0,3.0,12.0,6.0,1.0,1.0,9.0,13.0,10.0,7.0,9.0,13.0,265.0,99.0,6.0,13.0
Manchester City,Wolverhampton Wanderers,4,1,3421.0,433.0,485.0,954.0,309.0,798.0,20.0,66.0,8.0,50.0,25.0,78.0,134.0,504.0,48.0,276.0,1.0,4.0,5.0,18.0,1.0,3.0,17.0,14.0,9.0,9.0,7.0,7.0,182.0,318.0,5.0,9.0
Everton,Southampton,1,0,442.0,4312.0,676.0,617.0,462.0,410.0,44.0,36.0,32.0,22.0,35.0,50.0,244.0,183.0,99.0,92.0,3.0,1.0,6.0,6.0,4.0,0.0,26.0,20.0,20.0,18.0,16.0,12.0,239.0,240.0,9.0,13.0
Sheffield United,Liverpool,0,2,352.0,433.0,579.0,802.0,406.0,638.0,28.0,51.0,26.0,32.0,66.0,56.0,255.0,358.0,142.0,154.0,3.0,3.0,5.0,13.0,3.0,1.0,11.0,12.0,21.0,20.0,11.0,5.0,170.0,294.0,9.0,9.0
Chelsea,Manchester United,0,0,3421.0,4231.0,819.0,636.0,608.0,445.0,27.0,18.0,19.0,20.0,55.0,39.0,288.0,232.0,146.0,141.0,10.0,9.0,8.0,2.0,1.0,3.0,24.0,14.0,20.0,22.0,12.0,6.0,336.0,226.0,11.0,12.0
Tottenham Hotspur,Burnley,4,0,4231.0,442.0,815.0,593.0,633.0,439.0,40.0,32.0,22.0,36.0,48.0,63.0,240.0,284.0,107.0,140.0,7.0,4.0,9.0,6.0,0.0,0.0,12.0,11.0,18.0,19.0,9.0,12.0,403.0,176.0,6.0,10.0
Crystal Palace,Fulham,0,0,4231.0,4231.0,737.0,568.0,540.0,364.0,56.0,34.0,27.0,16.0,66.0,51.0,309.0,193.0,138.0,95.0,8.0,1.0,8.0,2.0,1.0,0.0,18.0,20.0,22.0,20.0,4.0,20.0,251.0,182.0,14.0,10.0
Leicester City,Arsenal,1,3,4231.0,442.0,690.0,563.0,507.0,408.0,33.0,29.0,25.0,13.0,60.0,60.0,283.0,186.0,143.0,82.0,6.0,2.0,6.0,6.0,1.0,0.0,9.0,21.0,15.0,14.0,9.0,12.0,247.0,231.0,3.0,15.0
Newcastle United,Wolverhampton Wanderers,1,1,3421.0,433.0,600.0,579.0,423.0,388.0,31.0,32.0,21.0,22.0,32.0,58.0,251.0,226.0,123.0,108.0,7.0,8.0,7.0,11.0,2.0,0.0,14.0,18.0,8.0,8.0,6.0,14.0,193.0,179.0,13.0,11.0
Leeds United,Aston Villa,0,1,433.0,4141.0,431.0,701.0,227.0,517.0,24.0,38.0,15.0,40.0,58.0,56.0,158.0,293.0,84.0,147.0,3.0,6.0,6.0,7.0,0.0,0.0,16.0,18.0,11.0,13.0,13.0,7.0,80.0,251.0,14.0,14.0
West Bromwich Albion,Brighton and Hove Albion,1,0,4231.0,4141.0,738.0,424.0,553.0,230.0,39.0,17.0,38.0,26.0,65.0,55.0,306.0,156.0,160.0,89.0,5.0,2.0,10.0,4.0,1.0,0.0,21.0,13.0,16.0,16.0,9.0,14.0,264.0,86.0,13.0,11.0
Manchester City,West Ham United,2,1,3421.0,433.0,532.0,834.0,394.0,675.0,28.0,43.0,15.0,25.0,39.0,75.0,181.0,429.0,74.0,205.0,3.0,5.0,6.0,5.0,1.0,2.0,13.0,11.0,10.0,9.0,20.0,14.0,226.0,263.0,11.0,8.0
Leeds United,Southampton,3,0,442.0,3331.0,582.0,520.0,365.0,319.0,36.0,26.0,23.0,18.0,59.0,35.0,223.0,133.0,107.0,65.0,5.0,2.0,8.0,9.0,2.0,1.0,18.0,25.0,17.0,14.0,11.0,10.0,157.0,194.0,13.0,11.0
Brighton and Hove Albion,Crystal Palace,1,2,442.0,433.0,912.0,433.0,715.0,250.0,65.0,23.0,60.0,5.0,85.0,32.0,486.0,102.0,232.0,35.0,5.0,1.0,20.0,2.0,3.0,1.0,11.0,22.0,16.0,14.0,7.0,15.0,264.0,153.0,11.0,6.0
Manchester United,Newcastle United,3,1,4312.0,4231.0,434.0,861.0,270.0,692.0,16.0,47.0,19.0,27.0,46.0,68.0,169.0,383.0,92.0,197.0,7.0,6.0,3.0,9.0,1.0,2.0,16.0,11.0,20.0,22.0,7.0,5.0,114.0,325.0,11.0,9.0
Arsenal,Manchester City,0,1,4231.0,433.0,608.0,738.0,479.0,599.0,32.0,40.0,22.0,21.0,39.0,71.0,203.0,395.0,97.0,184.0,2.0,3.0,5.0,12.0,1.0,3.0,8.0,5.0,9.0,9.0,6.0,7.0,290.0,211.0,11.0,9.0
Aston Villa,Leicester City,1,2,4231.0,4231.0,634.0,627.0,430.0,450.0,37.0,30.0,34.0,20.0,54.0,60.0,253.0,262.0,129.0,130.0,5.0,8.0,6.0,8.0,4.0,1.0,17.0,16.0,17.0,14.0,9.0,12.0,205.0,201.0,11.0,12.0
West Ham United,Tottenham Hotspur,2,1,4231.0,4231.0,764.0,447.0,569.0,253.0,39.0,19.0,32.0,17.0,54.0,60.0,339.0,179.0,141.0,101.0,12.0,0.0,8.0,4.0,1.0,0.0,16.0,23.0,13.0,17.0,7.0,13.0,260.0,87.0,7.0,14.0
Fulham,Sheffield United,1,0,4231.0,352.0,800.0,495.0,597.0,321.0,42.0,27.0,28.0,23.0,63.0,58.0,321.0,192.0,168.0,109.0,8.0,0.0,7.0,4.0,1.0,3.0,6.0,20.0,19.0,17.0,7.0,8.0,298.0,142.0,11.0,14.0
Liverpool,Everton,0,2,532.0,433.0,452.0,898.0,279.0,693.0,22.0,52.0,13.0,52.0,47.0,76.0,152.0,434.0,81.0,205.0,5.0,7.0,4.0,8.0,2.0,2.0,21.0,16.0,13.0,15.0,8.0,10.0,135.0,288.0,10.0,10.0
Burnley,West Bromwich Albion,0,0,4141.0,442.0,436.0,615.0,267.0,433.0,24.0,25.0,20.0,34.0,49.0,79.0,176.0,307.0,88.0,157.0,7.0,2.0,3.0,4.0,3.0,4.0,16.0,17.0,13.0,13.0,10.0,5.0,103.0,148.0,10.0,16.0
Southampton,Chelsea,1,1,442.0,3421.0,486.0,915.0,295.0,727.0,25.0,56.0,10.0,27.0,50.0,59.0,157.0,361.0,82.0,145.0,3.0,0.0,4.0,6.0,4.0,0.0,17.0,22.0,21.0,24.0,15.0,12.0,146.0,381.0,10.0,10.0
Wolverhampton Wanderers,Leeds United,1,0,343.0,4411.0,500.0,629.0,308.0,440.0,31.0,29.0,20.0,38.0,42.0,55.0,204.0,217.0,85.0,113.0,10.0,3.0,5.0,15.0,1.0,1.0,17.0,18.0,13.0,13.0,10.0,11.0,117.0,245.0,13.0,8.0
Everton,Manchester City,1,3,4411.0,433.0,469.0,923.0,313.0,755.0,26.0,62.0,14.0,35.0,51.0,59.0,154.0,469.0,81.0,223.0,6.0,0.0,3.0,10.0,0.0,0.0,18.0,11.0,16.0,16.0,14.0,4.0,171.0,309.0,8.0,8.0
Burnley,Fulham,1,1,4411.0,442.0,647.0,585.0,477.0,400.0,29.0,28.0,15.0,30.0,39.0,80.0,210.0,266.0,79.0,133.0,3.0,1.0,5.0,7.0,6.0,0.0,14.0,10.0,23.0,24.0,8.0,8.0,281.0,155.0,13.0,7.0
Chelsea,Newcastle United,2,0,3421.0,433.0,752.0,482.0,564.0,289.0,43.0,23.0,31.0,23.0,48.0,40.0,289.0,183.0,133.0,95.0,3.0,3.0,15.0,7.0,2.0,0.0,19.0,16.0,20.0,20.0,6.0,8.0,298.0,122.0,9.0,13.0
West Ham United,Sheffield United,3,0,352.0,3421.0,672.0,588.0,500.0,429.0,37.0,36.0,34.0,23.0,61.0,39.0,341.0,223.0,175.0,107.0,3.0,4.0,5.0,9.0,1.0,1.0,18.0,9.0,13.0,11.0,6.0,9.0,185.0,221.0,12.0,11.0
Everton,Fulham,0,2,442.0,4312.0,722.0,700.0,545.0,534.0,43.0,33.0,28.0,24.0,58.0,46.0,300.0,217.0,158.0,88.0,4.0,3.0,8.0,4.0,2.0,3.0,10.0,17.0,17.0,20.0,12.0,5.0,260.0,338.0,16.0,7.0
Arsenal,Leeds United,4,2,4231.0,4141.0,596.0,655.0,423.0,498.0,27.0,29.0,21.0,25.0,45.0,62.0,224.0,249.0,95.0,123.0,5.0,4.0,8.0,5.0,2.0,0.0,5.0,10.0,17.0,16.0,16.0,11.0,208.0,266.0,8.0,17.0
West Bromwich Albion,Manchester United,1,1,4141.0,4231.0,432.0,873.0,253.0,707.0,22.0,42.0,22.0,48.0,46.0,73.0,164.0,481.0,74.0,280.0,1.0,4.0,6.0,6.0,2.0,3.0,14.0,10.0,23.0,26.0,12.0,2.0,104.0,252.0,13.0,10.0
Southampton,Wolverhampton Wanderers,1,2,442.0,343.0,660.0,630.0,476.0,448.0,25.0,53.0,18.0,19.0,43.0,48.0,221.0,244.0,81.0,104.0,3.0,4.0,4.0,6.0,6.0,1.0,23.0,9.0,20.0,22.0,14.0,13.0,266.0,223.0,10.0,9.0
Brighton and Hove Albion,Aston Villa,0,0,4231.0,4132.0,555.0,681.0,372.0,509.0,35.0,24.0,18.0,44.0,56.0,51.0,209.0,288.0,104.0,184.0,3.0,11.0,1.0,15.0,3.0,0.0,10.0,11.0,17.0,20.0,12.0,8.0,172.0,244.0,12.0,16.0
Manchester City,Tottenham Hotspur,3,0,4231.0,433.0,623.0,876.0,456.0,698.0,33.0,58.0,10.0,31.0,32.0,56.0,185.0,450.0,70.0,202.0,4.0,4.0,3.0,11.0,1.0,0.0,23.0,21.0,11.0,11.0,8.0,8.0,279.0,258.0,13.0,12.0
Crystal Palace,Burnley,0,3,442.0,442.0,636.0,577.0,427.0,390.0,40.0,42.0,38.0,23.0,48.0,70.0,279.0,256.0,153.0,140.0,5.0,8.0,8.0,8.0,3.0,1.0,16.0,17.0,14.0,11.0,5.0,12.0,179.0,148.0,15.0,14.0
Leicester City,Liverpool,3,1,433.0,4231.0,796.0,585.0,561.0,357.0,39.0,21.0,43.0,11.0,64.0,33.0,363.0,126.0,182.0,43.0,4.0,3.0,11.0,8.0,1.0,2.0,23.0,23.0,20.0,17.0,14.0,17.0,229.0,237.0,6.0,7.0
Leeds United,Crystal Palace,2,0,442.0,4141.0,501.0,883.0,332.0,714.0,32.0,51.0,16.0,31.0,36.0,47.0,195.0,310.0,86.0,161.0,3.0,3.0,5.0,14.0,1.0,1.0,11.0,22.0,17.0,14.0,3.0,6.0,147.0,419.0,8.0,7.0
Sheffield United,Chelsea,1,2,352.0,3421.0,519.0,938.0,338.0,756.0,30.0,55.0,27.0,32.0,54.0,56.0,214.0,376.0,132.0,189.0,3.0,2.0,5.0,7.0,2.0,2.0,18.0,17.0,22.0,21.0,12.0,5.0,133.0,394.0,8.0,8.0
Liverpool,Manchester City,1,4,433.0,433.0,823.0,703.0,649.0,519.0,55.0,37.0,32.0,14.0,56.0,45.0,339.0,235.0,159.0,113.0,3.0,2.0,5.0,6.0,1.0,2.0,18.0,20.0,17.0,12.0,11.0,15.0,331.0,290.0,13.0,8.0
Wolverhampton Wanderers,Leicester City,0,0,343.0,4231.0,635.0,761.0,429.0,567.0,32.0,52.0,21.0,26.0,21.0,46.0,213.0,305.0,88.0,135.0,6.0,7.0,7.0,6.0,1.0,0.0,19.0,19.0,30.0,26.0,15.0,5.0,238.0,274.0,11.0,15.0
Tottenham Hotspur,West Bromwich Albion,2,0,4141.0,4231.0,492.0,763.0,303.0,589.0,21.0,39.0,17.0,34.0,49.0,58.0,162.0,378.0,73.0,160.0,4.0,0.0,4.0,9.0,4.0,1.0,24.0,17.0,17.0,19.0,5.0,4.0,152.0,231.0,12.0,16.0
Manchester United,Everton,3,3,4312.0,4231.0,573.0,820.0,397.0,653.0,39.0,51.0,22.0,28.0,41.0,48.0,152.0,410.0,76.0,177.0,1.0,5.0,5.0,9.0,4.0,0.0,16.0,14.0,24.0,22.0,10.0,8.0,260.0,265.0,10.0,14.0
Fulham,West Ham United,0,0,4231.0,4231.0,722.0,524.0,550.0,354.0,51.0,30.0,36.0,19.0,56.0,45.0,273.0,198.0,139.0,94.0,7.0,1.0,13.0,7.0,1.0,4.0,13.0,9.0,14.0,13.0,11.0,6.0,295.0,171.0,11.0,10.0
Burnley,Brighton and Hove Albion,1,1,3412.0,442.0,537.0,625.0,379.0,444.0,35.0,40.0,25.0,41.0,47.0,68.0,210.0,294.0,87.0,148.0,5.0,8.0,5.0,12.0,3.0,0.0,7.0,8.0,12.0,13.0,10.0,6.0,183.0,179.0,10.0,8.0
Newcastle United,Southampton,3,2,442.0,4312.0,788.0,411.0,610.0,221.0,43.0,18.0,42.0,10.0,72.0,55.0,414.0,144.0,203.0,75.0,4.0,2.0,10.0,4.0,5.0,3.0,17.0,16.0,21.0,18.0,11.0,12.0,226.0,83.0,14.0,11.0
Aston Villa,Arsenal,1,0,4231.0,4231.0,793.0,508.0,597.0,316.0,45.0,34.0,44.0,17.0,65.0,51.0,379.0,202.0,200.0,114.0,4.0,3.0,10.0,9.0,1.0,0.0,12.0,18.0,21.0,15.0,6.0,10.0,258.0,122.0,12.0,12.0
Tottenham Hotspur,Chelsea,0,1,3412.0,4222.0,804.0,620.0,630.0,457.0,49.0,31.0,36.0,18.0,58.0,41.0,356.0,207.0,184.0,108.0,4.0,4.0,12.0,3.0,3.0,0.0,10.0,13.0,24.0,22.0,13.0,13.0,293.0,261.0,14.0,20.0
Aston Villa,West Ham United,1,3,4231.0,4231.0,671.0,543.0,480.0,376.0,39.0,34.0,38.0,25.0,56.0,50.0,296.0,247.0,157.0,134.0,3.0,9.0,6.0,11.0,1.0,1.0,13.0,15.0,18.0,18.0,4.0,5.0,207.0,145.0,11.0,16.0
Liverpool,Brighton and Hove Albion,0,1,352.0,433.0,590.0,886.0,404.0,697.0,35.0,47.0,22.0,47.0,55.0,72.0,198.0,459.0,101.0,237.0,1.0,6.0,12.0,5.0,3.0,0.0,13.0,12.0,18.0,20.0,15.0,12.0,218.0,265.0,6.0,12.0
Leeds United,Everton,1,2,4231.0,4141.0,543.0,767.0,331.0,561.0,30.0,34.0,19.0,42.0,49.0,60.0,196.0,308.0,96.0,178.0,4.0,4.0,6.0,12.0,1.0,0.0,13.0,16.0,30.0,29.0,10.0,11.0,147.0,278.0,12.0,12.0
Burnley,Manchester City,0,2,433.0,442.0,943.0,395.0,804.0,271.0,43.0,28.0,30.0,22.0,54.0,36.0,490.0,139.0,247.0,57.0,5.0,1.0,8.0,1.0,2.0,3.0,8.0,17.0,15.0,14.0,6.0,8.0,324.0,142.0,5.0,8.0
Fulham,Leicester City,0,2,343.0,4231.0,802.0,651.0,598.0,447.0,62.0,39.0,34.0,14.0,70.0,53.0,330.0,204.0,161.0,104.0,4.0,2.0,4.0,7.0,1.0,3.0,22.0,18.0,18.0,18.0,13.0,9.0,293.0,251.0,17.0,10.0
Manchester United,Southampton,9,0,442.0,4231.0,385.0,784.0,215.0,626.0,16.0,42.0,7.0,47.0,23.0,58.0,87.0,504.0,29.0,308.0,2.0,10.0,1.0,14.0,2.0,3.0,20.0,13.0,10.0,13.0,13.0,8.0,132.0,144.0,6.0,11.0
Newcastle United,Crystal Palace,1,2,442.0,4312.0,570.0,794.0,397.0,610.0,37.0,46.0,16.0,37.0,41.0,75.0,239.0,354.0,111.0,171.0,3.0,6.0,3.0,15.0,2.0,1.0,14.0,12.0,17.0,19.0,11.0,7.0,166.0,289.0,11.0,14.0
Sheffield United,West Bromwich Albion,2,1,352.0,4411.0,800.0,464.0,593.0,268.0,44.0,24.0,42.0,31.0,80.0,59.0,377.0,183.0,208.0,95.0,5.0,1.0,9.0,7.0,3.0,0.0,20.0,18.0,12.0,13.0,10.0,12.0,243.0,102.0,11.0,9.0
Wolverhampton Wanderers,Arsenal,2,1,4231.0,4231.0,639.0,745.0,488.0,576.0,41.0,44.0,24.0,28.0,45.0,44.0,247.0,331.0,98.0,132.0,3.0,4.0,6.0,7.0,3.0,1.0,13.0,10.0,9.0,13.0,4.0,6.0,253.0,272.0,8.0,11.0
Brighton and Hove Albion,Tottenham Hotspur,1,0,3421.0,3421.0,619.0,746.0,407.0,556.0,26.0,38.0,47.0,25.0,49.0,58.0,273.0,320.0,155.0,151.0,5.0,5.0,11.0,3.0,1.0,1.0,19.0,13.0,16.0,17.0,21.0,10.0,160.0,251.0,11.0,11.0
West Ham United,Liverpool,1,3,4231.0,4312.0,524.0,927.0,365.0,785.0,22.0,53.0,20.0,35.0,43.0,81.0,184.0,470.0,75.0,188.0,2.0,4.0,6.0,10.0,2.0,1.0,15.0,13.0,18.0,16.0,18.0,4.0,203.0,328.0,7.0,8.0
Leicester City,Leeds United,1,3,4141.0,4231.0,611.0,621.0,389.0,404.0,30.0,33.0,19.0,25.0,42.0,54.0,168.0,243.0,66.0,104.0,1.0,11.0,7.0,7.0,2.0,2.0,27.0,15.0,17.0,20.0,19.0,14.0,230.0,175.0,16.0,17.0
Chelsea,Burnley,2,0,3421.0,442.0,890.0,445.0,723.0,287.0,44.0,31.0,41.0,24.0,62.0,52.0,405.0,192.0,234.0,85.0,8.0,0.0,11.0,1.0,2.0,2.0,13.0,15.0,18.0,17.0,9.0,10.0,332.0,106.0,7.0,9.0
Southampton,Aston Villa,0,1,4231.0,442.0,535.0,695.0,336.0,487.0,30.0,41.0,18.0,38.0,48.0,58.0,216.0,257.0,113.0,145.0,1.0,9.0,7.0,11.0,5.0,4.0,23.0,24.0,14.0,15.0,16.0,8.0,130.0,254.0,11.0,12.0
Arsenal,Manchester United,0,0,4231.0,4231.0,606.0,748.0,436.0,566.0,24.0,32.0,21.0,34.0,50.0,54.0,231.0,342.0,121.0,150.0,9.0,6.0,8.0,8.0,2.0,0.0,13.0,10.0,19.0,21.0,13.0,16.0,217.0,248.0,9.0,16.0
Crystal Palace,Wolverhampton Wanderers,1,0,3421.0,4231.0,730.0,682.0,560.0,518.0,45.0,58.0,22.0,12.0,38.0,51.0,270.0,276.0,100.0,132.0,2.0,6.0,4.0,5.0,1.0,1.0,25.0,14.0,11.0,9.0,6.0,8.0,315.0,247.0,10.0,7.0
Manchester City,Sheffield United,1,0,532.0,433.0,416.0,942.0,273.0,805.0,23.0,75.0,10.0,33.0,27.0,82.0,132.0,527.0,64.0,252.0,4.0,4.0,6.0,0.0,1.0,0.0,15.0,12.0,11.0,14.0,10.0,4.0,144.0,299.0,10.0,7.0
West Bromwich Albion,Fulham,2,2,343.0,352.0,742.0,504.0,574.0,336.0,41.0,26.0,28.0,28.0,61.0,81.0,306.0,218.0,135.0,124.0,4.0,1.0,8.0,4.0,1.0,1.0,8.0,13.0,14.0,15.0,6.0,14.0,286.0,135.0,10.0,9.0
Everton,Newcastle United,0,2,4231.0,4312.0,679.0,499.0,488.0,301.0,44.0,28.0,35.0,42.0,43.0,47.0,265.0,228.0,119.0,120.0,3.0,4.0,8.0,9.0,4.0,0.0,17.0,14.0,19.0,19.0,9.0,10.0,248.0,103.0,13.0,6.0
Tottenham Hotspur,Liverpool,1,3,343.0,433.0,745.0,756.0,592.0,587.0,43.0,38.0,14.0,29.0,73.0,49.0,282.0,368.0,130.0,188.0,2.0,3.0,1.0,11.0,2.0,2.0,14.0,10.0,16.0,17.0,11.0,16.0,315.0,231.0,9.0,11.0
Everton,Leicester City,1,1,442.0,4231.0,502.0,769.0,298.0,573.0,20.0,39.0,25.0,29.0,43.0,59.0,162.0,310.0,98.0,165.0,3.0,12.0,5.0,7.0,2.0,1.0,14.0,19.0,22.0,22.0,11.0,8.0,158.0,284.0,12.0,10.0
Manchester United,Sheffield United,1,2,352.0,4231.0,435.0,986.0,257.0,803.0,15.0,57.0,13.0,42.0,42.0,81.0,162.0,490.0,85.0,251.0,6.0,0.0,5.0,10.0,5.0,0.0,15.0,21.0,16.0,17.0,16.0,4.0,102.0,336.0,12.0,10.0
Brighton and Hove Albion,Fulham,0,0,343.0,352.0,646.0,627.0,439.0,411.0,38.0,29.0,12.0,42.0,36.0,66.0,217.0,306.0,90.0,153.0,2.0,4.0,8.0,12.0,3.0,0.0,12.0,23.0,29.0,29.0,16.0,14.0,233.0,139.0,14.0,10.0
Burnley,Aston Villa,3,2,4231.0,442.0,662.0,461.0,475.0,290.0,34.0,26.0,31.0,30.0,75.0,59.0,272.0,215.0,155.0,106.0,4.0,5.0,14.0,5.0,2.0,3.0,6.0,22.0,11.0,12.0,7.0,10.0,225.0,93.0,7.0,16.0
Chelsea,Wolverhampton Wanderers,0,0,3421.0,3412.0,1047.0,403.0,898.0,242.0,72.0,21.0,44.0,10.0,80.0,23.0,682.0,96.0,291.0,41.0,5.0,2.0,9.0,2.0,2.0,0.0,15.0,5.0,16.0,12.0,6.0,16.0,252.0,152.0,14.0,7.0
Southampton,Arsenal,1,3,4231.0,442.0,536.0,685.0,353.0,493.0,29.0,32.0,21.0,21.0,48.0,45.0,203.0,233.0,124.0,96.0,2.0,5.0,7.0,8.0,2.0,2.0,15.0,17.0,15.0,17.0,7.0,12.0,166.0,279.0,6.0,11.0
West Bromwich Albion,Manchester City,0,5,4411.0,433.0,391.0,1045.0,247.0,888.0,19.0,75.0,16.0,38.0,37.0,61.0,132.0,540.0,70.0,266.0,6.0,0.0,4.0,12.0,1.0,0.0,13.0,8.0,6.0,8.0,14.0,4.0,125.0,364.0,8.0,8.0
Crystal Palace,West Ham United,2,3,442.0,4231.0,723.0,641.0,536.0,460.0,48.0,37.0,36.0,14.0,66.0,56.0,322.0,271.0,157.0,141.0,4.0,7.0,2.0,10.0,2.0,0.0,17.0,18.0,24.0,25.0,14.0,11.0,232.0,200.0,9.0,8.0
Newcastle United,Leeds United,1,2,4411.0,4141.0,515.0,627.0,313.0,450.0,20.0,29.0,32.0,27.0,54.0,38.0,205.0,197.0,93.0,104.0,13.0,1.0,9.0,8.0,1.0,0.0,11.0,15.0,16.0,13.0,6.0,8.0,134.0,264.0,10.0,15.0
Aston Villa,Newcastle United,2,0,4231.0,532.0,758.0,548.0,567.0,369.0,53.0,32.0,27.0,32.0,52.0,56.0,296.0,225.0,131.0,110.0,5.0,1.0,9.0,6.0,1.0,2.0,11.0,14.0,22.0,25.0,12.0,6.0,287.0,175.0,9.0,18.0
Liverpool,Burnley,0,1,433.0,442.0,857.0,452.0,686.0,274.0,49.0,34.0,72.0,22.0,62.0,58.0,480.0,175.0,285.0,82.0,11.0,1.0,16.0,5.0,1.0,6.0,6.0,10.0,10.0,9.0,4.0,14.0,246.0,109.0,11.0,8.0
Fulham,Manchester United,1,2,3421.0,4231.0,601.0,841.0,400.0,636.0,35.0,56.0,23.0,39.0,41.0,63.0,171.0,420.0,74.0,203.0,4.0,5.0,8.0,10.0,1.0,2.0,12.0,18.0,14.0,18.0,15.0,11.0,244.0,244.0,6.0,10.0
Manchester City,Aston Villa,2,0,4231.0,433.0,458.0,810.0,285.0,628.0,26.0,43.0,10.0,51.0,36.0,54.0,154.0,402.0,81.0,240.0,5.0,8.0,6.0,20.0,1.0,3.0,14.0,14.0,7.0,7.0,15.0,11.0,138.0,255.0,9.0,10.0
Leicester City,Chelsea,2,0,4231.0,4141.0,822.0,526.0,636.0,340.0,41.0,30.0,28.0,30.0,58.0,38.0,297.0,187.0,151.0,99.0,1.0,3.0,8.0,5.0,3.0,1.0,25.0,19.0,22.0,23.0,5.0,11.0,354.0,171.0,16.0,7.0
West Ham United,West Bromwich Albion,2,1,4411.0,4231.0,536.0,728.0,375.0,541.0,30.0,49.0,29.0,33.0,78.0,72.0,241.0,340.0,130.0,181.0,4.0,6.0,2.0,8.0,2.0,0.0,19.0,5.0,13.0,15.0,8.0,3.0,150.0,225.0,10.0,10.0
Arsenal,Newcastle United,3,0,4231.0,442.0,798.0,464.0,634.0,323.0,44.0,30.0,32.0,17.0,84.0,37.0,358.0,172.0,182.0,79.0,6.0,1.0,14.0,3.0,4.0,1.0,7.0,11.0,14.0,13.0,9.0,3.0,302.0,161.0,9.0,8.0
Manchester City,Crystal Palace,4,0,4141.0,433.0,456.0,919.0,288.0,747.0,12.0,41.0,9.0,34.0,37.0,78.0,111.0,505.0,69.0,209.0,1.0,6.0,1.0,7.0,0.0,0.0,15.0,18.0,18.0,21.0,8.0,8.0,182.0,271.0,8.0,9.0
Liverpool,Manchester United,0,0,433.0,4231.0,865.0,549.0,667.0,344.0,61.0,23.0,43.0,22.0,62.0,35.0,402.0,164.0,236.0,83.0,8.0,3.0,9.0,5.0,1.0,8.0,16.0,20.0,14.0,14.0,12.0,8.0,287.0,191.0,15.0,6.0
Sheffield United,Tottenham Hotspur,1,3,352.0,343.0,616.0,776.0,413.0,580.0,36.0,44.0,29.0,25.0,57.0,44.0,296.0,261.0,139.0,116.0,8.0,9.0,7.0,5.0,4.0,1.0,19.0,17.0,13.0,11.0,13.0,11.0,139.0,332.0,13.0,4.0
Leicester City,Southampton,2,0,442.0,4231.0,699.0,644.0,493.0,445.0,36.0,25.0,32.0,24.0,55.0,54.0,273.0,243.0,127.0,119.0,3.0,3.0,5.0,13.0,1.0,5.0,13.0,22.0,24.0,24.0,8.0,10.0,237.0,217.0,11.0,10.0
Fulham,Chelsea,0,1,541.0,433.0,557.0,967.0,328.0,757.0,39.0,47.0,20.0,37.0,50.0,77.0,200.0,464.0,102.0,212.0,3.0,8.0,7.0,13.0,1.0,3.0,20.0,17.0,14.0,14.0,18.0,8.0,139.0,323.0,11.0,10.0
Leeds United,Brighton and Hove Albion,0,1,3421.0,4141.0,480.0,795.0,305.0,601.0,35.0,42.0,29.0,42.0,56.0,57.0,207.0,303.0,121.0,155.0,2.0,3.0,5.0,4.0,3.0,0.0,10.0,13.0,18.0,19.0,13.0,10.0,112.0,327.0,9.0,8.0
West Ham United,Burnley,1,0,4231.0,442.0,576.0,645.0,364.0,454.0,30.0,43.0,32.0,36.0,65.0,88.0,238.0,330.0,127.0,155.0,3.0,7.0,12.0,3.0,5.0,1.0,8.0,13.0,12.0,10.0,10.0,15.0,158.0,152.0,12.0,9.0
Wolverhampton Wanderers,West Bromwich Albion,2,3,4231.0,433.0,452.0,761.0,270.0,549.0,26.0,50.0,13.0,40.0,39.0,49.0,172.0,333.0,81.0,137.0,4.0,8.0,8.0,15.0,2.0,0.0,19.0,12.0,18.0,19.0,7.0,10.0,104.0,247.0,14.0,10.0
Arsenal,Crystal Palace,0,0,4231.0,442.0,875.0,528.0,692.0,339.0,46.0,30.0,34.0,17.0,82.0,45.0,411.0,184.0,211.0,91.0,6.0,4.0,5.0,8.0,1.0,1.0,17.0,14.0,18.0,17.0,10.0,17.0,306.0,164.0,11.0,11.0
Tottenham Hotspur,Fulham,1,1,352.0,4231.0,664.0,720.0,467.0,522.0,41.0,51.0,25.0,29.0,44.0,54.0,265.0,291.0,113.0,116.0,5.0,5.0,10.0,10.0,2.0,2.0,13.0,14.0,19.0,17.0,13.0,13.0,222.0,252.0,15.0,13.0
Manchester City,Brighton and Hove Albion,1,0,41212.0,433.0,544.0,923.0,384.0,726.0,25.0,53.0,15.0,31.0,34.0,69.0,185.0,470.0,87.0,235.0,3.0,3.0,2.0,13.0,2.0,2.0,21.0,16.0,20.0,20.0,11.0,13.0,214.0,276.0,12.0,4.0
Burnley,Manchester United,0,1,442.0,4231.0,506.0,753.0,334.0,566.0,32.0,36.0,29.0,37.0,56.0,48.0,201.0,341.0,106.0,191.0,5.0,4.0,6.0,9.0,3.0,2.0,5.0,12.0,16.0,17.0,11.0,10.0,147.0,246.0,15.0,13.0
Wolverhampton Wanderers,Everton,1,2,433.0,442.0,727.0,663.0,558.0,500.0,45.0,48.0,29.0,26.0,58.0,44.0,320.0,248.0,155.0,112.0,5.0,0.0,7.0,5.0,1.0,0.0,14.0,11.0,15.0,15.0,13.0,10.0,264.0,272.0,6.0,11.0
Sheffield United,Newcastle United,1,0,352.0,541.0,755.0,466.0,559.0,283.0,42.0,29.0,42.0,16.0,66.0,32.0,396.0,174.0,232.0,64.0,4.0,3.0,13.0,4.0,2.0,2.0,11.0,15.0,14.0,14.0,8.0,6.0,187.0,121.0,13.0,12.0
Southampton,Liverpool,1,0,442.0,433.0,572.0,879.0,352.0,675.0,33.0,47.0,9.0,61.0,43.0,85.0,157.0,412.0,64.0,209.0,6.0,5.0,1.0,12.0,6.0,1.0,18.0,16.0,14.0,18.0,16.0,11.0,199.0,306.0,5.0,12.0
Chelsea,Manchester City,1,3,433.0,433.0,821.0,720.0,654.0,554.0,59.0,48.0,23.0,16.0,56.0,42.0,328.0,278.0,166.0,115.0,4.0,4.0,5.0,14.0,2.0,0.0,11.0,18.0,15.0,13.0,18.0,15.0,345.0,283.0,11.0,10.0
Newcastle United,Leicester City,1,2,541.0,4231.0,557.0,684.0,371.0,492.0,33.0,40.0,21.0,24.0,62.0,54.0,216.0,230.0,103.0,104.0,3.0,5.0,5.0,4.0,3.0,3.0,16.0,14.0,18.0,20.0,15.0,20.0,174.0,283.0,10.0,11.0
West Bromwich Albion,Arsenal,0,4,4231.0,4411.0,817.0,570.0,623.0,374.0,42.0,31.0,34.0,28.0,54.0,67.0,299.0,276.0,159.0,137.0,4.0,3.0,17.0,4.0,2.0,3.0,14.0,13.0,18.0,19.0,16.0,20.0,345.0,119.0,4.0,7.0
Brighton and Hove Albion,Wolverhampton Wanderers,3,3,3421.0,4231.0,720.0,647.0,548.0,461.0,40.0,28.0,35.0,15.0,69.0,42.0,285.0,224.0,136.0,98.0,3.0,4.0,10.0,7.0,1.0,0.0,21.0,13.0,16.0,16.0,15.0,10.0,282.0,251.0,13.0,8.0
Crystal Palace,Sheffield United,2,0,352.0,442.0,734.0,637.0,510.0,414.0,38.0,37.0,23.0,19.0,69.0,57.0,263.0,264.0,146.0,130.0,3.0,3.0,4.0,6.0,3.0,0.0,22.0,24.0,23.0,20.0,18.0,9.0,267.0,161.0,18.0,8.0
Tottenham Hotspur,Leeds United,3,0,4231.0,4141.0,561.0,796.0,347.0,591.0,34.0,35.0,17.0,33.0,53.0,54.0,218.0,275.0,111.0,141.0,6.0,8.0,14.0,10.0,1.0,0.0,24.0,20.0,17.0,19.0,11.0,14.0,137.0,340.0,15.0,13.0
Manchester United,Aston Villa,2,1,4231.0,4231.0,625.0,588.0,417.0,407.0,35.0,36.0,34.0,30.0,54.0,41.0,268.0,250.0,142.0,141.0,3.0,7.0,12.0,12.0,1.0,1.0,18.0,11.0,19.0,21.0,11.0,15.0,176.0,174.0,10.0,22.0
Everton,West Ham United,0,1,4231.0,4231.0,763.0,579.0,589.0,392.0,42.0,36.0,31.0,22.0,78.0,58.0,332.0,227.0,158.0,116.0,5.0,4.0,5.0,7.0,2.0,0.0,15.0,16.0,19.0,20.0,11.0,20.0,280.0,183.0,9.0,7.0
Newcastle United,Liverpool,0,0,541.0,433.0,443.0,875.0,241.0,661.0,25.0,53.0,24.0,46.0,47.0,76.0,167.0,396.0,78.0,160.0,3.0,5.0,5.0,6.0,2.0,4.0,19.0,10.0,17.0,16.0,14.0,15.0,92.0,302.0,9.0,13.0
Manchester United,Wolverhampton Wanderers,1,0,3412.0,4231.0,607.0,787.0,439.0,611.0,34.0,55.0,12.0,40.0,42.0,71.0,213.0,419.0,102.0,255.0,2.0,5.0,7.0,6.0,2.0,4.0,16.0,15.0,17.0,18.0,11.0,15.0,237.0,210.0,7.0,11.0
Brighton and Hove Albion,Arsenal,0,1,4231.0,352.0,679.0,661.0,511.0,492.0,43.0,39.0,23.0,29.0,50.0,55.0,232.0,271.0,94.0,132.0,2.0,4.0,9.0,9.0,0.0,0.0,10.0,17.0,17.0,20.0,10.0,7.0,292.0,248.0,4.0,11.0
Burnley,Sheffield United,1,0,343.0,442.0,716.0,480.0,551.0,322.0,37.0,35.0,29.0,24.0,91.0,54.0,384.0,190.0,205.0,87.0,3.0,1.0,4.0,4.0,2.0,2.0,13.0,12.0,13.0,13.0,8.0,8.0,190.0,144.0,17.0,13.0
Southampton,West Ham United,0,0,442.0,4141.0,757.0,532.0,576.0,340.0,55.0,39.0,31.0,27.0,55.0,55.0,337.0,224.0,139.0,106.0,4.0,2.0,4.0,6.0,2.0,3.0,15.0,15.0,17.0,14.0,11.0,17.0,258.0,134.0,16.0,15.0
West Bromwich Albion,Leeds United,0,5,4141.0,4141.0,402.0,931.0,238.0,762.0,18.0,44.0,27.0,46.0,53.0,65.0,149.0,361.0,88.0,190.0,2.0,6.0,2.0,8.0,1.0,1.0,10.0,13.0,12.0,11.0,11.0,6.0,106.0,427.0,7.0,10.0
Chelsea,Aston Villa,1,1,4231.0,433.0,532.0,747.0,314.0,550.0,31.0,34.0,31.0,33.0,60.0,47.0,207.0,291.0,117.0,150.0,3.0,6.0,7.0,10.0,1.0,1.0,19.0,17.0,19.0,19.0,13.0,14.0,126.0,286.0,3.0,16.0
Crystal Palace,Leicester City,1,1,442.0,4231.0,496.0,809.0,296.0,607.0,24.0,55.0,16.0,31.0,59.0,60.0,172.0,342.0,79.0,163.0,8.0,0.0,4.0,9.0,3.0,2.0,18.0,22.0,19.0,25.0,14.0,9.0,137.0,291.0,10.0,7.0
Wolverhampton Wanderers,Tottenham Hotspur,1,1,3412.0,4231.0,644.0,746.0,466.0,542.0,34.0,48.0,16.0,38.0,36.0,61.0,231.0,326.0,92.0,163.0,2.0,4.0,4.0,7.0,2.0,0.0,14.0,21.0,15.0,18.0,11.0,12.0,242.0,246.0,13.0,20.0
Liverpool,West Bromwich Albion,1,1,451.0,433.0,404.0,981.0,213.0,787.0,21.0,46.0,15.0,60.0,46.0,104.0,156.0,626.0,76.0,293.0,2.0,9.0,3.0,8.0,5.0,1.0,15.0,11.0,20.0,21.0,13.0,4.0,71.0,196.0,5.0,8.0
West Ham United,Brighton and Hove Albion,2,2,3421.0,3412.0,748.0,589.0,574.0,423.0,31.0,36.0,28.0,34.0,56.0,56.0,293.0,289.0,142.0,131.0,5.0,3.0,8.0,8.0,1.0,2.0,11.0,14.0,16.0,17.0,12.0,13.0,294.0,160.0,8.0,6.0
Leeds United,Burnley,1,0,3331.0,442.0,629.0,571.0,424.0,378.0,38.0,35.0,20.0,56.0,46.0,68.0,177.0,317.0,72.0,175.0,5.0,4.0,6.0,10.0,3.0,2.0,17.0,11.0,19.0,25.0,8.0,6.0,259.0,97.0,8.0,14.0
Manchester City,Newcastle United,2,0,541.0,343.0,425.0,1012.0,272.0,862.0,25.0,63.0,22.0,37.0,33.0,78.0,159.0,503.0,69.0,209.0,3.0,3.0,4.0,8.0,3.0,1.0,11.0,8.0,20.0,21.0,16.0,8.0,131.0,370.0,12.0,5.0
Sheffield United,Everton,0,1,3421.0,4231.0,612.0,741.0,420.0,545.0,34.0,40.0,24.0,27.0,76.0,55.0,271.0,243.0,133.0,126.0,1.0,3.0,9.0,4.0,2.0,0.0,18.0,13.0,27.0,25.0,11.0,8.0,164.0,315.0,11.0,10.0
Arsenal,Chelsea,3,1,4231.0,433.0,505.0,709.0,328.0,506.0,21.0,46.0,18.0,34.0,46.0,64.0,184.0,305.0,108.0,151.0,3.0,8.0,12.0,11.0,1.0,0.0,16.0,10.0,15.0,17.0,7.0,14.0,160.0,235.0,13.0,10.0
Aston Villa,Crystal Palace,3,0,4231.0,442.0,503.0,663.0,298.0,475.0,34.0,30.0,27.0,34.0,59.0,60.0,220.0,293.0,126.0,153.0,3.0,7.0,17.0,6.0,1.0,2.0,17.0,12.0,9.0,14.0,12.0,7.0,95.0,209.0,18.0,16.0
Fulham,Southampton,0,0,352.0,442.0,573.0,616.0,331.0,396.0,39.0,38.0,26.0,26.0,42.0,61.0,219.0,225.0,107.0,102.0,3.0,2.0,7.0,1.0,1.0,4.0,24.0,34.0,8.0,11.0,15.0,19.0,136.0,183.0,15.0,12.0
Leicester City,Manchester United,2,2,4231.0,4231.0,701.0,623.0,507.0,439.0,32.0,33.0,28.0,14.0,64.0,43.0,266.0,182.0,138.0,85.0,5.0,1.0,5.0,8.0,1.0,4.0,17.0,20.0,23.0,22.0,14.0,9.0,263.0,264.0,10.0,17.0
Chelsea,West Ham United,3,0,433.0,4231.0,726.0,620.0,527.0,443.0,34.0,45.0,30.0,33.0,55.0,52.0,266.0,250.0,126.0,115.0,2.0,0.0,9.0,6.0,4.0,0.0,16.0,20.0,24.0,24.0,16.0,13.0,280.0,218.0,11.0,6.0
Burnley,Wolverhampton Wanderers,2,1,3412.0,442.0,646.0,424.0,463.0,260.0,42.0,24.0,28.0,28.0,44.0,60.0,264.0,201.0,118.0,103.0,6.0,4.0,9.0,6.0,2.0,1.0,11.0,14.0,6.0,4.0,15.0,10.0,221.0,75.0,15.0,11.0
West Bromwich Albion,Aston Villa,0,3,4231.0,4141.0,763.0,442.0,576.0,282.0,50.0,24.0,36.0,11.0,84.0,64.0,410.0,166.0,211.0,81.0,8.0,1.0,11.0,0.0,4.0,1.0,11.0,15.0,16.0,14.0,10.0,16.0,193.0,126.0,8.0,14.0
Manchester United,Leeds United,6,2,4141.0,4231.0,694.0,568.0,478.0,354.0,32.0,24.0,46.0,30.0,58.0,39.0,266.0,205.0,137.0,118.0,3.0,7.0,14.0,19.0,4.0,2.0,16.0,19.0,25.0,19.0,13.0,10.0,247.0,161.0,6.0,6.0
Tottenham Hotspur,Leicester City,0,2,4231.0,4231.0,710.0,615.0,518.0,406.0,51.0,27.0,40.0,24.0,67.0,56.0,304.0,246.0,157.0,140.0,3.0,5.0,5.0,12.0,2.0,4.0,20.0,19.0,8.0,8.0,8.0,10.0,237.0,172.0,15.0,14.0
Brighton and Hove Albion,Sheffield United,1,1,532.0,3421.0,367.0,726.0,203.0,545.0,16.0,27.0,12.0,48.0,46.0,53.0,134.0,361.0,83.0,198.0,2.0,5.0,3.0,16.0,2.0,1.0,12.0,12.0,8.0,11.0,7.0,1.0,78.0,221.0,11.0,9.0
Newcastle United,Fulham,1,1,3421.0,442.0,649.0,645.0,480.0,470.0,44.0,36.0,34.0,25.0,62.0,59.0,267.0,265.0,123.0,110.0,5.0,6.0,6.0,6.0,1.0,0.0,7.0,12.0,16.0,18.0,12.0,20.0,235.0,224.0,17.0,7.0
Everton,Arsenal,2,1,343.0,4231.0,718.0,553.0,551.0,401.0,41.0,30.0,28.0,23.0,68.0,46.0,315.0,227.0,170.0,95.0,4.0,6.0,9.0,3.0,1.0,0.0,9.0,12.0,14.0,15.0,8.0,11.0,255.0,192.0,9.0,9.0
Southampton,Manchester City,0,1,442.0,4231.0,686.0,744.0,498.0,547.0,35.0,39.0,32.0,16.0,41.0,66.0,241.0,275.0,93.0,129.0,2.0,6.0,7.0,5.0,3.0,2.0,26.0,14.0,21.0,21.0,10.0,11.0,281.0,281.0,9.0,11.0
Crystal Palace,Liverpool,0,7,442.0,433.0,555.0,907.0,397.0,743.0,39.0,59.0,16.0,25.0,47.0,64.0,221.0,340.0,105.0,137.0,1.0,3.0,4.0,11.0,7.0,0.0,10.0,19.0,16.0,15.0,9.0,19.0,188.0,414.0,5.0,11.0
Sheffield United,Manchester United,2,3,532.0,4231.0,543.0,759.0,362.0,557.0,34.0,38.0,33.0,22.0,71.0,61.0,276.0,279.0,156.0,133.0,3.0,6.0,9.0,9.0,2.0,4.0,20.0,18.0,16.0,15.0,10.0,5.0,103.0,286.0,17.0,8.0
Aston Villa,Burnley,0,0,4231.0,442.0,597.0,458.0,388.0,273.0,37.0,31.0,34.0,21.0,41.0,62.0,257.0,190.0,120.0,87.0,9.0,3.0,18.0,3.0,1.0,2.0,6.0,19.0,16.0,13.0,9.0,16.0,158.0,96.0,17.0,19.0
Fulham,Brighton and Hove Albion,0,0,3421.0,3421.0,637.0,689.0,426.0,481.0,29.0,34.0,18.0,27.0,67.0,75.0,240.0,275.0,143.0,143.0,2.0,4.0,7.0,5.0,1.0,2.0,16.0,16.0,18.0,19.0,17.0,11.0,195.0,229.0,15.0,11.0
Liverpool,Tottenham Hotspur,2,1,442.0,433.0,443.0,998.0,254.0,813.0,25.0,57.0,12.0,51.0,38.0,100.0,128.0,570.0,55.0,291.0,3.0,2.0,5.0,15.0,2.0,0.0,26.0,12.0,15.0,14.0,14.0,15.0,136.0,271.0,9.0,8.0
West Ham United,Crystal Palace,1,1,442.0,4231.0,583.0,651.0,422.0,439.0,36.0,38.0,25.0,29.0,52.0,43.0,274.0,260.0,125.0,106.0,1.0,4.0,7.0,5.0,0.0,0.0,23.0,19.0,12.0,13.0,4.0,13.0,162.0,207.0,12.0,8.0
Arsenal,Southampton,1,1,343.0,442.0,517.0,791.0,340.0,632.0,33.0,29.0,16.0,40.0,57.0,79.0,176.0,382.0,93.0,175.0,4.0,8.0,5.0,5.0,1.0,1.0,8.0,11.0,17.0,17.0,17.0,9.0,175.0,275.0,13.0,13.0
Leeds United,Newcastle United,5,2,442.0,4141.0,446.0,728.0,246.0,533.0,31.0,47.0,20.0,55.0,44.0,64.0,175.0,365.0,79.0,198.0,2.0,8.0,8.0,17.0,2.0,4.0,8.0,13.0,15.0,20.0,10.0,19.0,86.0,204.0,13.0,10.0
Leicester City,Everton,0,2,433.0,4231.0,526.0,730.0,344.0,547.0,28.0,30.0,18.0,25.0,40.0,51.0,182.0,270.0,79.0,118.0,2.0,9.0,9.0,5.0,2.0,2.0,13.0,21.0,12.0,12.0,7.0,10.0,178.0,293.0,9.0,12.0
Manchester City,West Bromwich Albion,1,1,4141.0,4231.0,380.0,932.0,224.0,752.0,15.0,48.0,8.0,53.0,34.0,96.0,131.0,587.0,52.0,306.0,2.0,9.0,3.0,17.0,2.0,3.0,13.0,11.0,14.0,17.0,12.0,8.0,98.0,197.0,8.0,5.0
Wolverhampton Wanderers,Chelsea,2,1,433.0,3412.0,698.0,625.0,494.0,418.0,37.0,33.0,44.0,31.0,54.0,45.0,322.0,231.0,157.0,102.0,6.0,6.0,7.0,6.0,1.0,0.0,14.0,17.0,16.0,18.0,7.0,14.0,206.0,204.0,12.0,12.0
Arsenal,Burnley,0,1,4231.0,4411.0,757.0,499.0,557.0,307.0,34.0,29.0,48.0,27.0,73.0,51.0,314.0,190.0,181.0,96.0,6.0,3.0,12.0,7.0,3.0,3.0,12.0,12.0,14.0,11.0,8.0,17.0,281.0,134.0,5.0,11.0
Leicester City,Brighton and Hove Albion,3,0,4231.0,3421.0,629.0,727.0,455.0,539.0,27.0,42.0,24.0,27.0,56.0,53.0,226.0,322.0,110.0,158.0,6.0,2.0,6.0,13.0,1.0,4.0,25.0,12.0,17.0,19.0,15.0,14.0,243.0,234.0,10.0,9.0
Fulham,Liverpool,1,1,3421.0,433.0,452.0,925.0,227.0,707.0,20.0,43.0,29.0,50.0,47.0,82.0,159.0,468.0,96.0,193.0,4.0,5.0,6.0,7.0,2.0,2.0,17.0,21.0,11.0,16.0,17.0,7.0,85.0,272.0,9.0,5.0
Crystal Palace,Tottenham Hotspur,1,1,4231.0,442.0,638.0,546.0,457.0,344.0,37.0,38.0,36.0,25.0,59.0,41.0,317.0,196.0,156.0,104.0,7.0,5.0,7.0,11.0,4.0,0.0,20.0,11.0,12.0,14.0,4.0,16.0,159.0,162.0,11.0,15.0
Southampton,Sheffield United,3,0,532.0,442.0,425.0,758.0,259.0,572.0,30.0,45.0,23.0,35.0,43.0,45.0,195.0,240.0,99.0,113.0,5.0,0.0,3.0,11.0,3.0,0.0,17.0,21.0,14.0,13.0,13.0,9.0,80.0,351.0,14.0,8.0
Everton,Chelsea,1,0,433.0,433.0,861.0,479.0,639.0,241.0,53.0,22.0,40.0,22.0,73.0,42.0,336.0,161.0,164.0,83.0,6.0,1.0,4.0,8.0,1.0,4.0,17.0,13.0,17.0,17.0,6.0,26.0,335.0,97.0,11.0,10.0
Manchester United,Manchester City,0,0,4231.0,4231.0,726.0,647.0,580.0,502.0,43.0,34.0,28.0,12.0,68.0,41.0,287.0,179.0,145.0,72.0,3.0,4.0,6.0,7.0,2.0,2.0,6.0,23.0,10.0,9.0,13.0,11.0,304.0,329.0,6.0,13.0
Newcastle United,West Bromwich Albion,2,1,352.0,442.0,660.0,597.0,484.0,401.0,52.0,37.0,34.0,25.0,69.0,43.0,324.0,225.0,145.0,86.0,9.0,3.0,4.0,9.0,2.0,3.0,18.0,7.0,12.0,11.0,5.0,13.0,184.0,195.0,12.0,9.0
Wolverhampton Wanderers,Aston Villa,0,1,433.0,4231.0,542.0,559.0,331.0,348.0,37.0,27.0,34.0,23.0,55.0,41.0,236.0,209.0,120.0,107.0,5.0,6.0,8.0,10.0,2.0,0.0,8.0,15.0,11.0,11.0,9.0,7.0,123.0,161.0,15.0,23.0
Leeds United,West Ham United,1,2,4141.0,4231.0,747.0,505.0,544.0,297.0,33.0,34.0,48.0,30.0,71.0,56.0,284.0,212.0,160.0,119.0,3.0,7.0,10.0,12.0,2.0,0.0,17.0,12.0,20.0,18.0,16.0,11.0,287.0,107.0,12.0,10.0
Brighton and Hove Albion,Southampton,1,2,3412.0,442.0,585.0,623.0,377.0,420.0,26.0,31.0,21.0,29.0,41.0,62.0,203.0,265.0,94.0,122.0,1.0,3.0,11.0,7.0,2.0,3.0,21.0,15.0,18.0,17.0,10.0,15.0,191.0,172.0,12.0,12.0
Liverpool,Wolverhampton Wanderers,4,0,433.0,433.0,560.0,786.0,395.0,626.0,33.0,73.0,20.0,31.0,38.0,53.0,231.0,328.0,95.0,133.0,3.0,4.0,6.0,7.0,3.0,1.0,19.0,12.0,10.0,8.0,13.0,5.0,189.0,318.0,14.0,8.0
Tottenham Hotspur,Arsenal,2,0,4231.0,4231.0,826.0,458.0,632.0,288.0,51.0,18.0,65.0,10.0,63.0,17.0,453.0,111.0,214.0,35.0,5.0,3.0,6.0,2.0,1.0,0.0,15.0,13.0,11.0,10.0,5.0,5.0,223.0,183.0,12.0,16.0
Sheffield United,Leicester City,1,2,532.0,3421.0,469.0,875.0,273.0,674.0,21.0,50.0,27.0,38.0,41.0,69.0,189.0,436.0,100.0,188.0,1.0,4.0,3.0,9.0,4.0,4.0,16.0,18.0,19.0,21.0,9.0,7.0,106.0,265.0,13.0,6.0
West Bromwich Albion,Crystal Palace,1,5,3412.0,442.0,663.0,655.0,495.0,495.0,49.0,35.0,22.0,25.0,31.0,51.0,264.0,302.0,95.0,156.0,2.0,4.0,7.0,14.0,2.0,3.0,15.0,14.0,19.0,17.0,4.0,5.0,245.0,205.0,10.0,16.0
Chelsea,Leeds United,3,1,433.0,4411.0,624.0,705.0,408.0,481.0,37.0,26.0,32.0,22.0,39.0,51.0,261.0,221.0,133.0,108.0,4.0,3.0,19.0,5.0,1.0,4.0,20.0,30.0,16.0,18.0,14.0,6.0,162.0,274.0,12.0,9.0
West Ham United,Manchester United,1,3,3421.0,4231.0,567.0,805.0,392.0,631.0,36.0,59.0,27.0,21.0,49.0,51.0,230.0,306.0,107.0,103.0,5.0,5.0,14.0,10.0,4.0,3.0,12.0,12.0,20.0,18.0,13.0,9.0,187.0,335.0,9.0,10.0
Manchester City,Fulham,2,0,3412.0,4231.0,531.0,954.0,351.0,793.0,24.0,66.0,17.0,30.0,43.0,61.0,177.0,470.0,88.0,187.0,2.0,2.0,4.0,13.0,1.0,1.0,17.0,17.0,12.0,11.0,18.0,13.0,181.0,334.0,6.0,7.0
Burnley,Everton,1,1,343.0,442.0,767.0,601.0,581.0,396.0,45.0,40.0,29.0,34.0,40.0,56.0,277.0,267.0,126.0,107.0,5.0,3.0,8.0,5.0,3.0,0.0,19.0,15.0,16.0,16.0,12.0,15.0,322.0,156.0,9.0,6.0
West Ham United,Aston Villa,2,1,433.0,3421.0,699.0,418.0,518.0,272.0,38.0,35.0,39.0,17.0,66.0,36.0,307.0,155.0,160.0,54.0,6.0,2.0,10.0,4.0,3.0,1.0,6.0,9.0,9.0,5.0,6.0,8.0,241.0,128.0,7.0,20.0
Leicester City,Fulham,1,2,541.0,3421.0,512.0,869.0,317.0,666.0,21.0,45.0,13.0,34.0,47.0,73.0,205.0,402.0,100.0,150.0,3.0,8.0,7.0,8.0,0.0,0.0,24.0,19.0,10.0,13.0,18.0,8.0,120.0,291.0,21.0,9.0
Arsenal,Wolverhampton Wanderers,1,2,4231.0,4231.0,683.0,599.0,494.0,405.0,37.0,38.0,49.0,15.0,75.0,42.0,339.0,210.0,186.0,88.0,3.0,2.0,10.0,9.0,2.0,0.0,13.0,12.0,18.0,16.0,9.0,12.0,190.0,206.0,13.0,13.0
Chelsea,Tottenham Hotspur,0,0,433.0,4231.0,809.0,588.0,657.0,438.0,61.0,38.0,32.0,22.0,67.0,39.0,404.0,233.0,190.0,110.0,4.0,3.0,9.0,2.0,3.0,1.0,13.0,5.0,14.0,14.0,9.0,9.0,279.0,212.0,20.0,9.0
Southampton,Manchester United,2,3,442.0,4312.0,731.0,726.0,525.0,519.0,38.0,38.0,19.0,31.0,39.0,68.0,229.0,300.0,81.0,148.0,5.0,5.0,5.0,10.0,0.0,0.0,22.0,19.0,21.0,20.0,12.0,17.0,309.0,240.0,12.0,12.0
West Bromwich Albion,Sheffield United,1,0,352.0,3412.0,599.0,554.0,402.0,380.0,35.0,38.0,29.0,27.0,58.0,50.0,289.0,240.0,148.0,101.0,3.0,8.0,18.0,9.0,2.0,2.0,14.0,12.0,7.0,10.0,7.0,8.0,136.0,165.0,9.0,10.0
Everton,Leeds United,0,1,343.0,4411.0,606.0,751.0,391.0,542.0,37.0,48.0,24.0,24.0,40.0,54.0,236.0,326.0,112.0,174.0,5.0,6.0,10.0,17.0,2.0,6.0,19.0,19.0,13.0,13.0,15.0,4.0,168.0,232.0,8.0,14.0
Manchester City,Burnley,5,0,4411.0,4231.0,479.0,877.0,315.0,720.0,20.0,56.0,26.0,26.0,46.0,57.0,202.0,348.0,98.0,149.0,5.0,6.0,4.0,13.0,2.0,2.0,14.0,7.0,16.0,17.0,12.0,4.0,133.0,383.0,4.0,12.0
Brighton and Hove Albion,Liverpool,1,1,3412.0,433.0,536.0,692.0,352.0,526.0,29.0,46.0,24.0,16.0,49.0,57.0,174.0,301.0,90.0,132.0,4.0,3.0,7.0,3.0,2.0,2.0,22.0,13.0,12.0,11.0,14.0,8.0,191.0,237.0,9.0,13.0
Crystal Palace,Newcastle United,0,2,442.0,442.0,701.0,555.0,503.0,375.0,43.0,46.0,36.0,18.0,60.0,53.0,287.0,236.0,140.0,91.0,4.0,7.0,8.0,7.0,0.0,0.0,15.0,24.0,12.0,10.0,9.0,12.0,242.0,156.0,9.0,10.0
Wolverhampton Wanderers,Southampton,1,1,442.0,433.0,691.0,614.0,516.0,416.0,42.0,31.0,21.0,21.0,37.0,42.0,226.0,247.0,73.0,99.0,2.0,5.0,5.0,15.0,1.0,2.0,20.0,11.0,12.0,14.0,3.0,8.0,302.0,192.0,14.0,14.0
Burnley,Crystal Palace,1,0,442.0,442.0,665.0,578.0,459.0,409.0,38.0,41.0,31.0,19.0,32.0,54.0,278.0,227.0,122.0,91.0,8.0,4.0,7.0,6.0,2.0,2.0,12.0,14.0,10.0,9.0,4.0,10.0,205.0,193.0,9.0,13.0
Liverpool,Leicester City,3,0,433.0,3421.0,766.0,648.0,572.0,441.0,52.0,27.0,40.0,23.0,46.0,47.0,329.0,218.0,118.0,105.0,5.0,4.0,19.0,7.0,2.0,1.0,9.0,14.0,15.0,14.0,10.0,17.0,268.0,240.0,15.0,6.0
Leeds United,Arsenal,0,0,4231.0,4141.0,486.0,774.0,310.0,610.0,25.0,29.0,14.0,50.0,34.0,64.0,159.0,391.0,57.0,202.0,4.0,10.0,5.0,15.0,2.0,0.0,10.0,18.0,6.0,6.0,11.0,9.0,164.0,246.0,8.0,9.0
Sheffield United,West Ham United,0,1,352.0,343.0,701.0,700.0,517.0,497.0,38.0,41.0,24.0,24.0,58.0,67.0,343.0,326.0,155.0,161.0,3.0,2.0,6.0,13.0,4.0,2.0,25.0,12.0,20.0,22.0,8.0,9.0,195.0,193.0,7.0,6.0
Fulham,Everton,2,3,4231.0,343.0,838.0,702.0,620.0,517.0,36.0,36.0,28.0,28.0,72.0,57.0,388.0,271.0,218.0,131.0,7.0,2.0,7.0,7.0,2.0,3.0,12.0,22.0,20.0,21.0,10.0,12.0,242.0,267.0,14.0,10.0
Manchester United,West Bromwich Albion,1,0,541.0,4231.0,585.0,842.0,385.0,663.0,29.0,45.0,5.0,38.0,51.0,80.0,196.0,415.0,82.0,204.0,1.0,6.0,6.0,11.0,1.0,1.0,13.0,13.0,23.0,22.0,20.0,14.0,197.0,268.0,17.0,12.0
Tottenham Hotspur,Manchester City,2,0,4231.0,433.0,493.0,794.0,318.0,599.0,24.0,41.0,11.0,45.0,39.0,73.0,143.0,447.0,68.0,235.0,3.0,7.0,1.0,15.0,1.0,2.0,25.0,13.0,12.0,16.0,8.0,9.0,177.0,182.0,13.0,19.0
Aston Villa,Brighton and Hove Albion,1,2,4231.0,3412.0,654.0,572.0,457.0,385.0,38.0,30.0,51.0,27.0,54.0,35.0,342.0,155.0,180.0,66.0,7.0,1.0,8.0,6.0,2.0,0.0,7.0,18.0,14.0,15.0,7.0,9.0,156.0,246.0,5.0,18.0
Newcastle United,Chelsea,0,2,433.0,541.0,909.0,447.0,746.0,287.0,63.0,22.0,28.0,25.0,67.0,39.0,450.0,188.0,185.0,89.0,5.0,4.0,9.0,4.0,2.0,2.0,13.0,6.0,7.0,9.0,9.0,5.0,311.0,119.0,12.0,11.0
Arsenal,Aston Villa,0,3,343.0,4231.0,712.0,550.0,538.0,378.0,28.0,31.0,32.0,31.0,43.0,45.0,251.0,263.0,129.0,129.0,5.0,1.0,8.0,14.0,1.0,1.0,7.0,14.0,11.0,11.0,8.0,8.0,312.0,130.0,11.0,13.0
Manchester City,Liverpool,1,1,4231.0,4231.0,618.0,696.0,459.0,555.0,36.0,46.0,29.0,17.0,43.0,43.0,215.0,263.0,98.0,100.0,5.0,3.0,5.0,4.0,5.0,2.0,13.0,12.0,13.0,14.0,4.0,5.0,255.0,301.0,11.0,19.0
Leicester City,Wolverhampton Wanderers,1,0,3421.0,3421.0,679.0,661.0,505.0,492.0,52.0,39.0,31.0,26.0,37.0,48.0,283.0,341.0,108.0,130.0,4.0,4.0,4.0,6.0,1.0,0.0,17.0,20.0,17.0,18.0,10.0,5.0,242.0,175.0,8.0,12.0
West Bromwich Albion,Tottenham Hotspur,0,1,532.0,4231.0,546.0,712.0,340.0,508.0,28.0,44.0,38.0,25.0,50.0,49.0,253.0,305.0,120.0,120.0,5.0,6.0,7.0,13.0,1.0,1.0,19.0,16.0,16.0,14.0,11.0,8.0,117.0,224.0,17.0,12.0
West Ham United,Fulham,1,0,4231.0,343.0,629.0,701.0,460.0,506.0,39.0,52.0,27.0,32.0,45.0,68.0,289.0,322.0,140.0,118.0,6.0,6.0,7.0,10.0,2.0,3.0,12.0,14.0,12.0,13.0,5.0,14.0,190.0,217.0,9.0,10.0
Chelsea,Sheffield United,4,1,352.0,433.0,487.0,953.0,320.0,762.0,32.0,64.0,25.0,25.0,43.0,65.0,211.0,396.0,105.0,174.0,2.0,10.0,4.0,10.0,1.0,1.0,11.0,13.0,16.0,16.0,5.0,10.0,123.0,382.0,14.0,5.0
Crystal Palace,Leeds United,4,1,442.0,3331.0,539.0,806.0,332.0,599.0,31.0,52.0,16.0,36.0,57.0,68.0,201.0,340.0,115.0,173.0,3.0,4.0,7.0,5.0,1.0,1.0,15.0,25.0,16.0,18.0,13.0,14.0,141.0,282.0,9.0,16.0
Everton,Manchester United,1,3,433.0,4231.0,736.0,641.0,523.0,453.0,41.0,38.0,30.0,27.0,59.0,50.0,277.0,263.0,152.0,125.0,2.0,6.0,5.0,7.0,3.0,1.0,25.0,13.0,24.0,18.0,6.0,9.0,275.0,198.0,12.0,19.0
Southampton,Newcastle United,2,0,442.0,532.0,751.0,540.0,561.0,360.0,41.0,23.0,25.0,10.0,44.0,39.0,274.0,169.0,93.0,85.0,6.0,1.0,9.0,3.0,4.0,1.0,32.0,13.0,17.0,18.0,12.0,10.0,299.0,201.0,12.0,11.0
Brighton and Hove Albion,Burnley,0,0,532.0,442.0,704.0,558.0,530.0,376.0,31.0,40.0,42.0,23.0,63.0,41.0,335.0,190.0,179.0,75.0,7.0,1.0,12.0,3.0,1.0,1.0,11.0,14.0,11.0,11.0,9.0,15.0,230.0,202.0,11.0,5.0
Leeds United,Leicester City,1,4,4141.0,3421.0,834.0,500.0,639.0,302.0,52.0,20.0,42.0,15.0,68.0,31.0,384.0,170.0,179.0,77.0,5.0,1.0,6.0,9.0,2.0,0.0,19.0,20.0,14.0,13.0,7.0,12.0,280.0,144.0,9.0,5.0
Fulham,West Bromwich Albion,2,0,4231.0,4141.0,627.0,687.0,395.0,468.0,26.0,42.0,31.0,20.0,46.0,54.0,253.0,229.0,127.0,106.0,7.0,4.0,6.0,6.0,1.0,4.0,15.0,28.0,21.0,21.0,10.0,5.0,158.0,252.0,13.0,11.0
Tottenham Hotspur,Brighton and Hove Albion,2,1,3511.0,4231.0,673.0,555.0,503.0,387.0,36.0,25.0,32.0,22.0,55.0,39.0,278.0,210.0,119.0,102.0,1.0,4.0,5.0,5.0,4.0,0.0,13.0,16.0,14.0,14.0,7.0,10.0,242.0,186.0,13.0,14.0
Manchester United,Arsenal,0,1,343.0,41212.0,673.0,731.0,501.0,570.0,34.0,28.0,18.0,34.0,41.0,49.0,258.0,297.0,113.0,128.0,4.0,4.0,3.0,4.0,4.0,0.0,20.0,10.0,16.0,15.0,12.0,8.0,259.0,291.0,12.0,12.0
Newcastle United,Everton,2,1,532.0,4321.0,557.0,803.0,369.0,607.0,34.0,40.0,15.0,30.0,23.0,52.0,175.0,328.0,65.0,124.0,4.0,6.0,7.0,9.0,1.0,0.0,13.0,22.0,18.0,22.0,5.0,6.0,205.0,306.0,9.0,10.0
Aston Villa,Southampton,3,4,4231.0,442.0,567.0,488.0,371.0,312.0,37.0,18.0,40.0,7.0,54.0,41.0,240.0,156.0,133.0,68.0,5.0,5.0,14.0,4.0,2.0,2.0,14.0,19.0,12.0,9.0,6.0,10.0,162.0,158.0,12.0,17.0
Liverpool,West Ham United,2,1,541.0,433.0,472.0,990.0,304.0,827.0,24.0,60.0,20.0,37.0,38.0,83.0,174.0,550.0,71.0,224.0,3.0,0.0,4.0,6.0,1.0,0.0,18.0,10.0,17.0,21.0,11.0,4.0,148.0,293.0,14.0,13.0
Burnley,Chelsea,0,3,433.0,442.0,856.0,545.0,693.0,392.0,53.0,37.0,33.0,19.0,42.0,48.0,344.0,237.0,156.0,93.0,7.0,4.0,7.0,1.0,4.0,1.0,13.0,13.0,13.0,15.0,6.0,8.0,365.0,165.0,15.0,10.0
Sheffield United,Manchester City,0,1,532.0,433.0,537.0,897.0,375.0,715.0,29.0,52.0,22.0,29.0,49.0,47.0,238.0,345.0,128.0,163.0,1.0,6.0,2.0,10.0,2.0,0.0,19.0,12.0,17.0,16.0,9.0,5.0,153.0,381.0,14.0,6.0
Wolverhampton Wanderers,Crystal Palace,2,0,433.0,3421.0,722.0,618.0,552.0,446.0,52.0,44.0,23.0,30.0,41.0,56.0,285.0,291.0,111.0,134.0,5.0,6.0,6.0,9.0,2.0,0.0,10.0,19.0,21.0,22.0,8.0,15.0,285.0,179.0,4.0,13.0
Burnley,Tottenham Hotspur,0,1,4231.0,442.0,764.0,528.0,595.0,364.0,47.0,39.0,34.0,26.0,64.0,75.0,335.0,253.0,134.0,127.0,1.0,10.0,8.0,3.0,2.0,4.0,11.0,15.0,11.0,12.0,12.0,14.0,278.0,126.0,7.0,9.0
Brighton and Hove Albion,West Bromwich Albion,1,1,3421.0,4141.0,656.0,680.0,473.0,476.0,40.0,40.0,26.0,26.0,49.0,66.0,251.0,278.0,111.0,147.0,2.0,6.0,3.0,3.0,2.0,1.0,20.0,22.0,10.0,10.0,13.0,12.0,238.0,216.0,14.0,7.0
Arsenal,Leicester City,0,1,343.0,3421.0,745.0,615.0,575.0,453.0,48.0,28.0,31.0,11.0,70.0,39.0,350.0,236.0,141.0,101.0,3.0,4.0,9.0,2.0,1.0,0.0,15.0,11.0,21.0,16.0,12.0,10.0,245.0,222.0,13.0,9.0
Wolverhampton Wanderers,Newcastle United,1,1,343.0,532.0,877.0,567.0,702.0,400.0,65.0,29.0,17.0,17.0,91.0,35.0,413.0,164.0,188.0,69.0,12.0,3.0,4.0,2.0,1.0,0.0,11.0,23.0,16.0,17.0,8.0,7.0,307.0,252.0,10.0,10.0
Southampton,Everton,2,0,442.0,433.0,805.0,686.0,610.0,509.0,48.0,39.0,25.0,24.0,32.0,51.0,293.0,243.0,110.0,100.0,3.0,3.0,10.0,3.0,1.0,1.0,18.0,15.0,15.0,15.0,8.0,11.0,333.0,287.0,11.0,11.0
Liverpool,Sheffield United,2,1,352.0,4231.0,602.0,891.0,406.0,683.0,35.0,70.0,33.0,29.0,55.0,62.0,295.0,399.0,171.0,186.0,4.0,7.0,9.0,10.0,2.0,0.0,22.0,7.0,25.0,25.0,4.0,6.0,131.0,306.0,15.0,7.0
Manchester United,Chelsea,0,0,3421.0,4231.0,773.0,785.0,582.0,582.0,40.0,29.0,28.0,27.0,44.0,54.0,244.0,341.0,110.0,161.0,2.0,7.0,4.0,7.0,2.0,0.0,17.0,13.0,34.0,32.0,13.0,12.0,357.0,261.0,6.0,8.0
Fulham,Crystal Palace,1,2,4321.0,442.0,851.0,566.0,643.0,366.0,56.0,25.0,36.0,15.0,59.0,42.0,434.0,171.0,198.0,88.0,6.0,3.0,10.0,11.0,1.0,2.0,19.0,22.0,16.0,15.0,10.0,10.0,238.0,202.0,11.0,11.0
West Ham United,Manchester City,1,1,541.0,433.0,478.0,933.0,325.0,747.0,40.0,60.0,22.0,49.0,43.0,77.0,181.0,525.0,76.0,221.0,4.0,8.0,2.0,6.0,1.0,0.0,15.0,10.0,20.0,22.0,10.0,9.0,156.0,245.0,14.0,6.0
Aston Villa,Leeds United,0,3,4231.0,4411.0,496.0,648.0,305.0,445.0,27.0,42.0,20.0,38.0,53.0,62.0,201.0,278.0,114.0,159.0,5.0,7.0,7.0,20.0,0.0,0.0,14.0,14.0,15.0,13.0,13.0,12.0,118.0,187.0,14.0,17.0
Leeds United,Wolverhampton Wanderers,0,1,352.0,4141.0,468.0,728.0,269.0,553.0,29.0,43.0,13.0,50.0,51.0,67.0,150.0,328.0,75.0,189.0,3.0,0.0,4.0,13.0,2.0,1.0,14.0,14.0,9.0,8.0,21.0,12.0,129.0,262.0,12.0,13.0
West Bromwich Albion,Burnley,0,0,4141.0,442.0,674.0,544.0,477.0,352.0,41.0,38.0,26.0,39.0,68.0,73.0,274.0,246.0,131.0,107.0,5.0,3.0,8.0,6.0,2.0,0.0,14.0,13.0,19.0,16.0,6.0,6.0,224.0,135.0,15.0,17.0
Leicester City,Aston Villa,0,1,4231.0,4141.0,612.0,611.0,397.0,417.0,30.0,28.0,34.0,29.0,52.0,56.0,234.0,226.0,120.0,119.0,5.0,5.0,5.0,6.0,3.0,2.0,14.0,21.0,17.0,13.0,24.0,18.0,189.0,202.0,18.0,18.0
Tottenham Hotspur,West Ham United,3,3,4231.0,541.0,707.0,666.0,511.0,459.0,42.0,40.0,16.0,39.0,46.0,61.0,249.0,304.0,96.0,142.0,6.0,3.0,5.0,10.0,1.0,3.0,25.0,14.0,23.0,27.0,7.0,5.0,274.0,188.0,13.0,12.0
Crystal Palace,Brighton and Hove Albion,1,1,3421.0,442.0,746.0,454.0,544.0,280.0,38.0,33.0,31.0,9.0,78.0,21.0,318.0,166.0,167.0,45.0,8.0,0.0,12.0,1.0,2.0,1.0,15.0,19.0,19.0,19.0,7.0,3.0,243.0,126.0,13.0,13.0
Sheffield United,Fulham,1,1,352.0,3421.0,562.0,743.0,399.0,563.0,42.0,42.0,25.0,25.0,52.0,40.0,257.0,295.0,119.0,107.0,4.0,6.0,6.0,9.0,4.0,0.0,15.0,14.0,10.0,8.0,18.0,12.0,157.0,284.0,5.0,9.0
Newcastle United,Manchester United,1,4,4141.0,4231.0,562.0,823.0,358.0,629.0,33.0,44.0,14.0,35.0,48.0,75.0,167.0,382.0,68.0,204.0,4.0,13.0,3.0,15.0,2.0,0.0,18.0,14.0,20.0,22.0,17.0,16.0,201.0,266.0,9.0,12.0
Manchester City,Arsenal,1,0,433.0,3142.0,618.0,801.0,462.0,665.0,21.0,42.0,19.0,22.0,35.0,56.0,167.0,444.0,76.0,186.0,4.0,5.0,7.0,8.0,2.0,0.0,13.0,11.0,13.0,14.0,6.0,8.0,308.0,231.0,10.0,15.0
Chelsea,Southampton,3,3,442.0,4231.0,682.0,787.0,503.0,574.0,38.0,50.0,26.0,26.0,69.0,38.0,287.0,253.0,153.0,124.0,4.0,0.0,9.0,11.0,1.0,3.0,13.0,16.0,24.0,23.0,7.0,7.0,229.0,334.0,9.0,11.0
Everton,Liverpool,2,2,433.0,433.0,554.0,714.0,380.0,524.0,31.0,53.0,23.0,43.0,59.0,54.0,200.0,326.0,113.0,161.0,5.0,7.0,6.0,15.0,2.0,3.0,16.0,18.0,16.0,16.0,1.0,3.0,192.0,218.0,15.0,9.0
Aston Villa,Liverpool,7,2,4231.0,433.0,490.0,854.0,285.0,650.0,29.0,50.0,22.0,32.0,48.0,56.0,205.0,346.0,101.0,191.0,5.0,4.0,13.0,10.0,2.0,1.0,15.0,14.0,21.0,24.0,12.0,12.0,89.0,324.0,7.0,10.0
Manchester United,Tottenham Hotspur,1,6,433.0,4231.0,862.0,598.0,672.0,416.0,53.0,37.0,17.0,20.0,42.0,34.0,286.0,232.0,108.0,115.0,6.0,3.0,16.0,2.0,1.0,0.0,23.0,15.0,19.0,19.0,12.0,11.0,394.0,193.0,11.0,14.0
Arsenal,Sheffield United,2,1,433.0,352.0,860.0,525.0,699.0,373.0,53.0,24.0,28.0,29.0,55.0,34.0,360.0,261.0,148.0,122.0,1.0,5.0,5.0,1.0,3.0,0.0,8.0,11.0,22.0,23.0,10.0,5.0,357.0,130.0,3.0,9.0
Wolverhampton Wanderers,Fulham,1,0,4231.0,352.0,713.0,639.0,524.0,478.0,39.0,40.0,31.0,25.0,49.0,41.0,281.0,251.0,117.0,105.0,4.0,7.0,6.0,7.0,0.0,0.0,14.0,9.0,12.0,12.0,5.0,9.0,271.0,245.0,8.0,15.0
Leicester City,West Ham United,0,3,541.0,343.0,476.0,857.0,296.0,684.0,29.0,38.0,19.0,37.0,50.0,85.0,162.0,405.0,79.0,190.0,2.0,1.0,12.0,3.0,2.0,4.0,12.0,7.0,22.0,23.0,21.0,18.0,146.0,300.0,8.0,10.0
Southampton,West Bromwich Albion,2,0,442.0,4231.0,706.0,535.0,522.0,325.0,38.0,38.0,30.0,17.0,52.0,48.0,286.0,173.0,109.0,88.0,5.0,2.0,8.0,3.0,1.0,1.0,21.0,18.0,23.0,22.0,15.0,17.0,249.0,161.0,19.0,10.0
Newcastle United,Burnley,3,1,442.0,442.0,606.0,616.0,416.0,455.0,40.0,41.0,18.0,37.0,41.0,66.0,229.0,265.0,101.0,120.0,4.0,1.0,6.0,6.0,4.0,5.0,5.0,13.0,14.0,13.0,5.0,10.0,202.0,210.0,13.0,17.0
Leeds United,Manchester City,1,1,4141.0,433.0,633.0,611.0,429.0,389.0,24.0,35.0,20.0,28.0,37.0,43.0,177.0,261.0,90.0,137.0,1.0,7.0,11.0,16.0,2.0,3.0,27.0,11.0,15.0,15.0,9.0,6.0,265.0,148.0,11.0,12.0
Everton,Brighton and Hove Albion,4,2,3421.0,433.0,800.0,669.0,618.0,474.0,30.0,35.0,35.0,19.0,55.0,34.0,397.0,227.0,203.0,96.0,5.0,5.0,6.0,6.0,2.0,0.0,20.0,20.0,18.0,17.0,9.0,26.0,237.0,259.0,14.0,13.0
Chelsea,Crystal Palace,4,0,4231.0,442.0,876.0,455.0,707.0,280.0,48.0,26.0,25.0,19.0,70.0,46.0,384.0,182.0,157.0,74.0,5.0,2.0,12.0,2.0,1.0,0.0,14.0,10.0,15.0,12.0,13.0,9.0,346.0,116.0,17.0,13.0
Liverpool,Arsenal,3,1,343.0,433.0,561.0,950.0,395.0,772.0,21.0,83.0,9.0,37.0,29.0,67.0,120.0,430.0,51.0,175.0,1.0,9.0,3.0,12.0,5.0,0.0,11.0,10.0,18.0,18.0,7.0,6.0,283.0,364.0,7.0,11.0
Fulham,Aston Villa,0,3,343.0,433.0,759.0,513.0,538.0,302.0,38.0,28.0,47.0,20.0,66.0,49.0,326.0,185.0,146.0,102.0,5.0,2.0,11.0,10.0,3.0,0.0,9.0,23.0,14.0,12.0,7.0,11.0,255.0,125.0,18.0,14.0
West Ham United,Wolverhampton Wanderers,4,0,343.0,541.0,822.0,560.0,626.0,367.0,60.0,34.0,29.0,21.0,68.0,54.0,393.0,194.0,135.0,87.0,7.0,2.0,4.0,13.0,2.0,3.0,17.0,24.0,21.0,20.0,8.0,12.0,251.0,182.0,11.0,7.0
Manchester City,Leicester City,2,5,541.0,4231.0,430.0,847.0,267.0,680.0,21.0,40.0,11.0,31.0,30.0,84.0,132.0,528.0,56.0,233.0,3.0,10.0,4.0,6.0,3.0,2.0,23.0,12.0,10.0,13.0,8.0,8.0,142.0,179.0,8.0,13.0
Tottenham Hotspur,Newcastle United,1,1,4231.0,541.0,818.0,498.0,640.0,319.0,49.0,34.0,30.0,23.0,72.0,29.0,453.0,175.0,194.0,79.0,8.0,2.0,15.0,4.0,1.0,0.0,10.0,16.0,8.0,8.0,8.0,10.0,207.0,161.0,15.0,9.0
Sheffield United,Leeds United,0,1,352.0,3142.0,545.0,801.0,327.0,578.0,27.0,49.0,28.0,41.0,43.0,50.0,218.0,317.0,102.0,163.0,5.0,8.0,9.0,9.0,2.0,1.0,23.0,13.0,22.0,22.0,7.0,7.0,124.0,286.0,18.0,4.0
Burnley,Southampton,0,1,442.0,442.0,679.0,722.0,480.0,522.0,43.0,31.0,16.0,43.0,48.0,59.0,274.0,320.0,90.0,114.0,2.0,5.0,3.0,5.0,1.0,2.0,12.0,15.0,20.0,23.0,9.0,15.0,212.0,236.0,10.0,8.0
West Bromwich Albion,Chelsea,3,3,4231.0,541.0,983.0,456.0,797.0,249.0,61.0,16.0,43.0,15.0,77.0,39.0,500.0,154.0,221.0,77.0,12.0,4.0,10.0,5.0,1.0,0.0,12.0,9.0,20.0,19.0,9.0,13.0,334.0,109.0,16.0,8.0
Crystal Palace,Everton,1,2,442.0,433.0,579.0,742.0,370.0,524.0,34.0,41.0,32.0,18.0,51.0,36.0,250.0,222.0,123.0,87.0,3.0,3.0,5.0,7.0,1.0,0.0,26.0,20.0,23.0,22.0,16.0,10.0,146.0,316.0,16.0,15.0
Brighton and Hove Albion,Manchester United,2,3,343.0,4231.0,676.0,622.0,488.0,445.0,37.0,35.0,41.0,13.0,56.0,34.0,261.0,243.0,160.0,86.0,6.0,1.0,12.0,6.0,1.0,4.0,12.0,15.0,24.0,21.0,14.0,11.0,256.0,210.0,18.0,16.0
Wolverhampton Wanderers,Manchester City,1,3,532.0,4231.0,545.0,861.0,356.0,692.0,38.0,51.0,20.0,22.0,30.0,63.0,153.0,367.0,49.0,163.0,4.0,6.0,6.0,8.0,2.0,3.0,25.0,22.0,19.0,17.0,15.0,4.0,216.0,333.0,7.0,8.0
Aston Villa,Sheffield United,1,0,433.0,352.0,732.0,374.0,553.0,221.0,36.0,25.0,55.0,21.0,68.0,41.0,406.0,162.0,243.0,73.0,7.0,1.0,11.0,3.0,1.0,0.0,5.0,9.0,11.0,7.0,7.0,7.0,188.0,73.0,12.0,13.0
Leicester City,Burnley,4,2,4141.0,442.0,796.0,481.0,621.0,292.0,42.0,17.0,41.0,27.0,47.0,58.0,350.0,214.0,185.0,104.0,3.0,5.0,11.0,11.0,1.0,0.0,13.0,12.0,12.0,11.0,11.0,12.0,299.0,93.0,11.0,13.0
Chelsea,Liverpool,0,2,433.0,433.0,675.0,934.0,488.0,764.0,19.0,60.0,9.0,51.0,24.0,74.0,116.0,490.0,45.0,277.0,2.0,8.0,3.0,10.0,1.0,1.0,17.0,14.0,18.0,19.0,11.0,8.0,376.0,298.0,10.0,6.0
Newcastle United,Brighton and Hove Albion,0,3,343.0,442.0,598.0,534.0,444.0,386.0,33.0,30.0,21.0,27.0,55.0,47.0,235.0,232.0,117.0,93.0,7.0,3.0,6.0,3.0,2.0,1.0,8.0,10.0,12.0,13.0,11.0,9.0,218.0,174.0,15.0,16.0
Southampton,Tottenham Hotspur,2,5,442.0,433.0,611.0,576.0,460.0,419.0,33.0,31.0,21.0,12.0,72.0,45.0,266.0,182.0,131.0,67.0,5.0,2.0,9.0,7.0,2.0,6.0,8.0,8.0,21.0,20.0,8.0,5.0,206.0,243.0,17.0,18.0
Arsenal,West Ham United,2,1,343.0,541.0,844.0,564.0,669.0,383.0,56.0,39.0,33.0,21.0,53.0,38.0,346.0,223.0,148.0,92.0,2.0,7.0,5.0,7.0,5.0,2.0,8.0,10.0,21.0,20.0,11.0,10.0,340.0,187.0,11.0,13.0
Manchester United,Crystal Palace,1,3,442.0,4231.0,444.0,912.0,225.0,705.0,15.0,46.0,13.0,43.0,34.0,84.0,141.0,517.0,68.0,294.0,5.0,10.0,9.0,7.0,2.0,1.0,24.0,14.0,28.0,33.0,21.0,9.0,93.0,215.0,10.0,13.0
Leeds United,Fulham,4,3,4231.0,4141.0,668.0,658.0,438.0,444.0,33.0,35.0,24.0,27.0,50.0,52.0,245.0,200.0,122.0,108.0,7.0,2.0,7.0,8.0,3.0,0.0,18.0,22.0,22.0,20.0,16.0,10.0,211.0,264.0,18.0,13.0
Everton,West Bromwich Albion,5,2,541.0,433.0,491.0,982.0,322.0,799.0,31.0,64.0,12.0,39.0,41.0,56.0,161.0,341.0,77.0,144.0,4.0,4.0,2.0,13.0,1.0,1.0,18.0,21.0,14.0,19.0,12.0,6.0,167.0,490.0,11.0,9.0
Brighton and Hove Albion,Chelsea,1,3,352.0,4222.0,681.0,644.0,507.0,465.0,35.0,35.0,21.0,16.0,54.0,57.0,262.0,221.0,132.0,104.0,6.0,3.0,7.0,7.0,3.0,0.0,17.0,16.0,12.0,15.0,15.0,25.0,259.0,257.0,8.0,13.0
Sheffield United,Wolverhampton Wanderers,0,2,352.0,343.0,644.0,597.0,460.0,391.0,33.0,40.0,57.0,18.0,87.0,37.0,377.0,168.0,224.0,62.0,1.0,4.0,8.0,7.0,4.0,0.0,16.0,14.0,18.0,12.0,9.0,13.0,126.0,238.0,13.0,7.0
Tottenham Hotspur,Everton,0,1,4231.0,433.0,730.0,735.0,552.0,529.0,46.0,48.0,34.0,24.0,65.0,32.0,345.0,224.0,143.0,72.0,1.0,5.0,8.0,10.0,1.0,0.0,9.0,19.0,17.0,16.0,4.0,19.0,231.0,317.0,15.0,7.0
West Bromwich Albion,Leicester City,0,3,541.0,4141.0,487.0,779.0,336.0,604.0,35.0,57.0,12.0,24.0,52.0,43.0,184.0,325.0,95.0,98.0,4.0,2.0,3.0,11.0,4.0,3.0,7.0,17.0,12.0,12.0,10.0,14.0,161.0,296.0,12.0,9.0
West Ham United,Newcastle United,0,2,442.0,4231.0,526.0,640.0,342.0,474.0,31.0,44.0,29.0,34.0,58.0,56.0,226.0,289.0,114.0,111.0,5.0,5.0,10.0,10.0,4.0,2.0,13.0,14.0,10.0,14.0,5.0,7.0,136.0,215.0,7.0,13.0
Liverpool,Leeds United,4,3,4141.0,433.0,695.0,661.0,459.0,432.0,32.0,37.0,15.0,49.0,44.0,72.0,166.0,313.0,80.0,178.0,2.0,5.0,4.0,17.0,5.0,2.0,34.0,13.0,13.0,15.0,12.0,14.0,302.0,139.0,6.0,9.0
Crystal Palace,Southampton,1,0,442.0,442.0,787.0,449.0,580.0,236.0,52.0,32.0,32.0,18.0,66.0,51.0,328.0,173.0,140.0,74.0,2.0,0.0,7.0,5.0,4.0,0.0,28.0,15.0,14.0,16.0,9.0,12.0,270.0,79.0,11.0,14.0
Fulham,Arsenal,0,3,343.0,4231.0,775.0,667.0,626.0,523.0,39.0,50.0,26.0,17.0,55.0,47.0,258.0,266.0,123.0,115.0,4.0,4.0,9.0,1.0,2.0,2.0,12.0,11.0,13.0,9.0,18.0,10.0,384.0,272.0,12.0,12.0
